timestamp,segment_label,lat,lon,current_travel_time_s,free_flow_travel_time_s,delay_s,current_speed_kmh,free_flow_speed_kmh,congestion_ratio,congestion_pct,confidence,road_class
2026-07-08T07:30:02,1313008746_5065,28.67190945017987,77.26038490014699,158,117,41,34,46,0.739,26.1,1,FRC1
2026-07-08T07:30:02,1271957904_520,28.79009748043149,77.14219362408288,1390,1042,348,48,64,0.75,25.0,0.998575,FRC1
2026-07-08T07:30:02,171505934_10844,28.68176372143336,77.07382234762017,2920,1679,1241,23,40,0.575,42.5,0.971828,FRC1
2026-07-08T07:30:02,1312003262_5003,28.7335118502237,77.17902130023958,33,33,0,51,51,1.0,0.0,1,FRC1
2026-07-08T07:30:02,77643398_9050,28.72133022648934,77.1404829934589,1726,1115,611,31,48,0.646,35.4,1,FRC2
2026-07-08T07:30:02,1272998250_4723,28.61620115016497,77.28564394977585,595,452,143,38,50,0.76,24.0,1,FRC1
2026-07-08T07:30:02,754138615_9731,28.73483755030277,77.15603580124726,1390,1042,348,48,64,0.75,25.0,0.998575,FRC1
2026-07-08T07:30:02,696178605_2985,28.60514967968459,77.28788560004877,1211,969,242,40,50,0.8,20.0,0.999602,FRC2
2026-07-08T07:30:02,175774747_1554,28.669952908952293,77.26287938693689,395,223,172,22,39,0.564,43.6,0.995611,FRC1
2026-07-08T07:30:02,1272699863_10430,28.7325645979497,77.15211083474186,1726,1115,611,31,48,0.646,35.4,1,FRC2
2026-07-08T07:30:02,1312003261_5002,28.732846527011077,77.18052262172371,63,63,0,54,54,1.0,0.0,1,FRC1
2026-07-08T07:30:02,1271957905_521,28.797262051218134,77.14359156473878,1385,972,413,47,67,0.701,29.9,1,FRC1
2026-07-08T07:30:02,760444564_8123,28.48125538503149,77.11474825810541,2576,1810,766,26,37,0.703,29.7,1,FRC2
2026-07-08T07:30:02,258237312_12405,28.537250980885524,77.28601262789124,50,37,13,23,31,0.742,25.8,0.96,FRC3
2026-07-08T07:30:02,1081352292_11111,28.683569350000955,77.0133321499925,2920,1679,1241,23,40,0.575,42.5,0.971828,FRC1
2026-07-08T07:30:02,733740806_5380,28.62656300913378,77.3145887387114,595,452,143,38,50,0.76,24.0,1,FRC1
2026-07-08T07:30:02,519445878_9649,28.698681618005065,77.12145049624543,1437,1022,415,37,52,0.712,28.8,1,FRC2
2026-07-08T07:30:02,749654825_5712,28.493146250032297,77.3031574504581,74,74,0,36,36,1.0,0.0,1,FRC2
2026-07-08T07:30:02,77629864_9006,28.734252100075988,77.15649950021997,1390,1042,348,48,64,0.75,25.0,0.998575,FRC1
2026-07-08T07:30:02,1322586170_552,28.82379485002008,77.13252105003025,1390,1042,348,48,64,0.75,25.0,0.998575,FRC1
2026-07-08T07:30:02,1311999549_4994,28.727439850318262,77.20196525042412,295,295,0,54,54,1.0,0.0,1,FRC1
2026-07-08T07:30:02,1081353663_11112,28.68339410000165,77.01615059998673,2920,1679,1241,23,40,0.575,42.5,0.971828,FRC1
2026-07-08T07:30:02,78331491_9140,28.76240442689812,77.14664584398126,1390,1042,348,48,64,0.75,25.0,0.998575,FRC1
2026-07-08T07:30:02,553321282_7128,28.59346702527715,77.16461656538954,187,140,47,38,51,0.745,25.5,1,FRC1
2026-07-08T07:30:02,848907336_10994,28.688929145367656,76.95379664281963,2920,1679,1241,23,40,0.575,42.5,0.971828,FRC1
2026-07-08T07:30:02,1276018673_12164,28.55176478996038,77.04878921866404,161,161,0,71,71,1.0,0.0,1,FRC0
2026-07-08T07:30:02,615472643_10937,28.66549515943425,77.0922112190541,1726,1115,611,31,48,0.646,35.4,1,FRC2
2026-07-08T07:30:02,1117997323_268,28.581787600028143,77.30339090012164,538,343,195,23,36,0.639,36.1,0.999139,FRC3
2026-07-08T07:30:02,739709594_174,28.63159521269395,77.32988856131384,595,452,143,38,50,0.76,24.0,1,FRC1
2026-07-08T07:30:02,729959838_3258,28.61678283868487,77.28656190538877,595,452,143,38,50,0.76,24.0,1,FRC1
2026-07-08T07:30:02,1066010057_3794,28.673723798776017,77.25594247251395,39,27,12,30,42,0.714,28.6,0.97,FRC2
2026-07-08T07:30:02,1125550297_10237,28.840790189727404,77.12764536507629,1385,972,413,47,67,0.701,29.9,1,FRC1
2026-07-08T07:30:02,1312003264_5005,28.73118915059046,77.1874309003172,60,30,30,28,55,0.509,49.1,1,FRC1
2026-07-08T07:30:02,519440491_2173,28.732193545681827,77.18322585121508,60,30,30,28,55,0.509,49.1,1,FRC1
2026-07-08T07:30:02,1184652572_5802,28.49935689408889,77.30000040298998,59,59,0,39,39,1.0,0.0,1,FRC2
2026-07-08T07:30:02,749654826_5713,28.49074044670958,77.30369249678816,74,74,0,36,36,1.0,0.0,1,FRC2
2026-07-08T07:30:02,733740794_3287,28.621234036350025,77.2999008102617,609,462,147,38,50,0.76,24.0,1,FRC1
2026-07-08T07:30:02,70220647_880,28.62859465417036,77.24681526741986,50,50,0,54,54,1.0,0.0,1,FRC1
2026-07-08T07:30:02,1184652573_5803,28.49458555685833,77.30296042021848,1876,1344,532,43,60,0.717,28.3,0.988043,FRC1
2026-07-08T07:30:02,202671157_6786,28.593823376111853,77.16621572529873,33,33,0,20,20,1.0,0.0,1,FRC1
2026-07-08T07:30:02,77643452_10721,28.683289650005477,77.09523154995946,1726,1115,611,31,48,0.646,35.4,1,FRC2
2026-07-08T07:30:02,293091496_9500,28.73723387012009,77.15459940625567,1390,1042,348,48,64,0.75,25.0,0.998575,FRC1
2026-07-08T07:30:02,1183847109_10318,28.847583800019724,77.12626684999562,347,254,93,30,41,0.732,26.8,0.948226,FRC2
2026-07-08T07:30:02,519440488_2170,28.73738550233168,77.16734270127739,220,125,95,32,56,0.571,42.9,1,FRC1
2026-07-08T07:30:02,76834899_960,28.61693810011026,77.28766349988258,944,609,335,20,31,0.645,35.5,0.972129,FRC3
2026-07-08T07:30:02,38116091_789,28.572845265072,77.24462004299579,1579,1090,489,29,42,0.69,31.0,0.999648,FRC3
2026-07-08T07:30:02,1159559381_12016,28.54417437397353,77.0078297939509,1138,1138,0,44,44,1.0,0.0,1,FRC3
2026-07-08T07:30:02,1184653691_5814,28.498412506264767,77.3016491313384,1721,1396,325,43,53,0.811,18.9,1,FRC1
2026-07-08T07:30:02,77770001_10767,28.670086233635608,77.16647486440381,590,433,157,22,30,0.733,26.7,0.941021,FRC3
2026-07-08T07:30:02,422584730_11660,28.55752240072102,76.92753008121655,981,981,0,42,42,1.0,0.0,1,FRC3
2026-07-08T07:30:02,766036525_3441,28.58630370000292,77.2242427499995,370,268,102,21,29,0.724,27.6,0.981527,FRC4
2026-07-08T07:30:02,172306021_9397,28.809137450005124,77.07972445002964,460,460,0,60,60,1.0,0.0,1,FRC4
2026-07-08T07:30:02,1077916786_4119,28.65090049969148,77.2323381105123,1077,704,373,17,26,0.654,34.6,0.996198,FRC3
2026-07-08T07:30:02,235103620_11526,28.56017405981834,77.01549123214811,513,513,0,36,36,1.0,0.0,1,FRC4
2026-07-08T07:30:02,1080438071_10082,28.71676779244684,77.0944989600839,1882,1220,662,24,37,0.649,35.1,0.998312,FRC2
2026-07-08T07:30:02,38699585_799,28.637964526614923,77.2264064179853,1293,597,696,12,26,0.462,53.8,0.998746,FRC3
2026-07-08T07:30:02,1154070005_4297,28.72751201909045,77.17926029335209,666,376,290,26,46,0.565,43.5,1,FRC1
2026-07-08T07:30:02,776652311_3477,28.621354828947982,77.30046730231618,311,235,76,28,37,0.757,24.3,0.994232,FRC3
2026-07-08T07:30:02,681929725_7833,28.64515631104873,77.106169018746,523,384,139,11,15,0.733,26.7,0.808061,FRC4
2026-07-08T07:30:02,1073864508_9901,28.75532807892416,77.1157167507687,721,509,212,24,34,0.706,29.4,0.992312,FRC3
2026-07-08T07:30:02,1306291759_10620,28.824893693009983,77.07414842238752,456,456,0,51,51,1.0,0.0,1,FRC4
2026-07-08T07:30:02,1274782010_4766,28.739693565714187,77.26118638296956,899,899,0,48,48,1.0,0.0,1,FRC3
2026-07-08T07:30:02,1203899003_4497,28.706943330353266,77.1684643853189,715,542,173,22,29,0.759,24.1,0.966259,FRC4
2026-07-08T07:30:02,168924273_6607,28.505615826312248,77.23897841841165,2140,1402,738,19,29,0.655,34.5,0.997235,FRC2
2026-07-08T07:30:02,78799866_9220,28.7361984617444,77.1653143616256,97,34,63,15,42,0.357,64.3,0.99,FRC2
2026-07-08T07:30:02,77743844_9106,28.700291290971748,77.15574715562008,704,460,244,17,26,0.654,34.6,0.964239,FRC4
2026-07-08T07:30:02,173133404_12364,28.542195833560434,77.29250811313072,2376,1854,522,32,41,0.78,22.0,1,FRC3
2026-07-08T07:30:02,1201874795_10348,28.810173451368,77.1184592033787,460,460,0,60,60,1.0,0.0,1,FRC4
2026-07-08T07:30:02,314638661_11614,28.577153698254303,76.8743029597452,2139,1810,329,33,39,0.846,15.4,0.827037,FRC2
2026-07-08T07:30:02,782774054_3511,28.62025800000121,77.21041655000535,131,96,35,19,26,0.731,26.9,0.81,FRC4
2026-07-08T07:30:02,1120022472_8492,28.55447620896645,77.23203609448547,1045,425,620,11,27,0.407,59.3,0.997383,FRC4
2026-07-08T07:30:02,1126929460_4238,28.71180271222937,77.22943810279551,122,122,0,22,22,1.0,0.0,1,FRC2
2026-07-08T07:30:02,422350600_10918,28.78313645864092,76.94929819731772,2100,1831,269,34,39,0.872,12.8,0.743841,FRC2
2026-07-08T07:30:02,24577381_613,28.60681392028704,77.22437369787586,75,75,0,41,41,1.0,0.0,1,FRC1
2026-07-08T07:30:02,210364586_6831,28.60175539704051,77.0544416565403,985,699,286,22,31,0.71,29.0,0.987584,FRC4
2026-07-08T07:30:02,682964521_7847,28.56534025000453,77.20022939999892,827,529,298,16,25,0.64,36.0,0.994722,FRC4
2026-07-08T07:30:02,203599271_6823,28.590361979413917,77.08320920219212,1579,1194,385,28,37,0.757,24.3,0.996557,FRC6
2026-07-08T07:30:02,170938134_5258,28.62747825023994,77.31704349981999,310,229,81,28,38,0.737,26.3,0.998956,FRC3
2026-07-08T07:30:03,379349375_10907,28.659535195892754,76.9902482177204,125,125,0,38,38,1.0,0.0,1,FRC4
2026-07-08T07:30:03,77617193_1086,28.661978857801408,77.23992644520263,110,84,26,33,43,0.767,23.3,1,FRC1
2026-07-08T07:30:03,1184378555_5798,28.51183575000228,77.31345965000627,557,453,104,13,16,0.812,18.8,0.91294,FRC4
2026-07-08T07:30:03,1050561832_3748,28.75830624558086,77.17765847133317,937,758,179,17,21,0.81,19.0,0.691635,FRC4
2026-07-08T07:30:03,1306497891_4947,28.70963851756227,77.28591492567888,313,313,0,20,20,1.0,0.0,1,FRC4
2026-07-08T07:30:03,1274781093_75,28.742653650087675,77.26213405014737,490,490,0,57,57,1.0,0.0,1,FRC2
2026-07-08T07:30:03,164702348_12346,28.55774815971238,77.28819484795332,1129,752,377,16,24,0.667,33.3,0.983467,FRC3
2026-07-08T07:30:03,570803639_2394,28.58700232091038,77.23398282683296,1483,1038,445,21,30,0.7,30.0,1,FRC4
2026-07-08T07:30:03,1255882944_11190,28.68000655000377,77.08484724997152,121,121,0,23,23,1.0,0.0,1,FRC4
2026-07-08T07:30:03,77004697_1008,28.596430250093643,77.29317694991747,1387,990,397,35,49,0.714,28.6,0.999333,FRC2
2026-07-08T07:30:03,1076252889_12598,28.525723250001377,77.27936825001848,938,579,359,21,34,0.618,38.2,0.994554,FRC3
2026-07-08T07:30:03,202665381_10859,28.67017055059156,77.16542090979112,3849,2309,1540,18,30,0.6,40.0,0.98887,FRC2
2026-07-08T07:30:03,1275944980_12126,28.57847582472563,77.00652027717024,296,296,0,53,53,1.0,0.0,1,FRC4
2026-07-08T07:30:03,586687208_7500,28.54169467065229,77.11776043977837,971,466,505,24,50,0.48,52.0,0.994029,FRC1
2026-07-08T07:30:03,1077642220_4106,28.65145840239566,77.20572394645998,662,368,294,15,27,0.556,44.4,1,FRC1
2026-07-08T07:30:03,1309546294_8889,28.55869757234572,77.05417263135095,513,513,0,36,36,1.0,0.0,1,FRC4
2026-07-08T07:30:03,278977065_11544,28.62578502845304,76.90595413017583,621,621,0,28,28,1.0,0.0,1,FRC4
2026-07-08T07:30:03,81061303_24,28.58000061669264,77.2955884866146,587,470,117,32,40,0.8,20.0,1,FRC4
2026-07-08T07:30:03,1118936174_8477,28.55290512434433,77.05025070272647,161,161,0,71,71,1.0,0.0,1,FRC0
2026-07-08T07:30:03,176492685_1684,28.58597795000236,77.29349485003652,584,453,131,31,40,0.775,22.5,1,FRC4
2026-07-08T07:30:03,169323875_6610,28.543416246480696,77.11620501593522,939,483,456,17,33,0.515,48.5,1,FRC4
2026-07-08T07:30:03,739709591_5390,28.630132852699195,77.32626414807251,372,372,0,64,64,1.0,0.0,1,FRC1
2026-07-08T07:30:03,190261068_6713,28.525874392305283,77.10131881094023,5,5,0,39,39,1.0,0.0,1,FRC2
2026-07-08T07:30:03,71435200_920,28.578732325148163,77.30161246491157,264,228,36,50,58,0.862,13.8,1,FRC1
2026-07-08T07:30:03,76849306_19,28.57761622944116,77.28960367138384,235,235,0,58,58,1.0,0.0,1,FRC1
2026-07-08T07:30:03,684512045_5356,28.626385703877823,77.31496154705613,609,462,147,38,50,0.76,24.0,1,FRC1
2026-07-08T07:30:03,586684180_7486,28.53954700000966,77.11660109992128,39,7,32,8,40,0.2,80.0,1,FRC3
2026-07-08T07:30:03,76842648_969,28.62292998866329,77.30453360509472,372,372,0,64,64,1.0,0.0,1,FRC1
2026-07-08T07:30:03,1283496575_5541,28.62450125007257,77.30865389994165,335,335,0,69,69,1.0,0.0,1,FRC1
2026-07-08T07:30:03,76849167_974,28.578036894660528,77.27752768487743,235,235,0,58,58,1.0,0.0,1,FRC1
2026-07-08T07:30:03,1272998251_4724,28.616551638212343,77.28671344651134,372,372,0,64,64,1.0,0.0,1,FRC1
2026-07-08T07:30:03,190261045_6706,28.51229539092968,77.09316617299704,1635,1343,292,46,56,0.821,17.9,1,FRC1
2026-07-08T07:30:03,1283521609_4861,28.621568750036488,77.30045594997114,372,372,0,64,64,1.0,0.0,1,FRC1
2026-07-08T07:30:03,225718656_6833,28.51332460721611,77.09287183628282,1692,1254,438,43,58,0.741,25.9,1,FRC1
2026-07-08T07:30:03,203589999_11515,28.54009699788727,77.03793964885871,221,221,0,65,65,1.0,0.0,1,FRC0
2026-07-08T07:30:03,1312967330_8947,28.544270933925745,77.11558778760701,971,466,505,24,50,0.48,52.0,0.994029,FRC1
2026-07-08T07:30:03,1118959403_11971,28.558623962696338,77.04412110418482,1190,1190,0,76,76,1.0,0.0,1,FRC2
2026-07-08T07:30:03,459988200_2129,28.579388474669493,77.29338668746257,264,228,36,50,58,0.862,13.8,1,FRC1
2026-07-08T07:30:03,665106695_11703,28.534797763030348,77.03493559510467,221,221,0,65,65,1.0,0.0,1,FRC0
2026-07-08T07:30:03,31097490_6159,28.581427738053414,77.14530919891486,971,466,505,24,50,0.48,52.0,0.994029,FRC1
2026-07-08T07:30:03,1116296125_11941,28.57294240002825,77.00709740033888,1190,1190,0,76,76,1.0,0.0,1,FRC2
2026-07-08T07:30:03,190261066_6712,28.527599650085577,77.1020687498259,6,6,0,38,38,1.0,0.0,1,FRC2
2026-07-08T07:30:03,28616600_6132,28.55881261097506,77.13347681895029,1635,1343,292,46,56,0.821,17.9,1,FRC1
2026-07-08T07:30:03,76842646_5218,28.62458625005454,77.30890914996209,335,335,0,69,69,1.0,0.0,1,FRC1
2026-07-08T07:30:03,72002996_5191,28.62883168320012,77.32218167408332,372,372,0,64,64,1.0,0.0,1,FRC1
2026-07-08T07:30:03,1275944972_12118,28.590939900000297,77.00886754999766,1190,1190,0,76,76,1.0,0.0,1,FRC2
2026-07-08T07:30:03,37683065_782,28.57862141867612,77.26916603399955,89,89,0,46,46,1.0,0.0,1,FRC1
2026-07-08T07:30:03,555197217_2266,28.60491895991324,77.27137963956962,78,78,0,64,64,1.0,0.0,1,FRC1
2026-07-08T07:30:03,1118959402_11970,28.558510786035605,77.04407107130918,148,148,0,45,45,1.0,0.0,1,FRC4
2026-07-08T07:30:03,76834898_959,28.6036548337072,77.2685561310336,18,18,0,61,61,1.0,0.0,1,FRC1
2026-07-08T07:30:03,739709592_172,28.630866154721765,77.32816179656201,335,335,0,69,69,1.0,0.0,1,FRC1
2026-07-08T07:30:03,1183845908_4367,28.5785727461531,77.3014636274964,235,235,0,58,58,1.0,0.0,1,FRC1
2026-07-08T07:30:03,28746776_726,28.577126881823443,77.27894058332664,264,228,36,50,58,0.862,13.8,1,FRC1
2026-07-08T07:30:03,81061303_1379,28.58000061669264,77.2955884866146,587,470,117,32,40,0.8,20.0,1,FRC4
2026-07-08T07:30:03,1253124560_4643,28.57924575924795,77.26771669054187,122,48,74,22,55,0.4,60.0,1,FRC1
2026-07-08T07:30:03,555197219_2267,28.60891117319883,77.27875492380406,78,78,0,64,64,1.0,0.0,1,FRC1
2026-07-08T07:30:03,1275944981_12127,28.578623481341253,77.00689463429998,332,332,0,56,56,1.0,0.0,1,FRC4
2026-07-08T07:30:03,205771485_6829,28.54573021758676,77.12268346819816,1635,1343,292,46,56,0.821,17.9,1,FRC1
2026-07-08T07:30:03,81061270_22,28.58142127218609,77.29504818000866,584,453,131,31,40,0.775,22.5,1,FRC4
2026-07-08T07:30:03,1241992402_4577,28.59875380000435,77.2032118500068,276,215,61,28,36,0.778,22.2,0.995703,FRC3
2026-07-08T07:30:03,28616605_6135,28.53010158785404,77.10390315622871,1692,1254,438,43,58,0.741,25.9,1,FRC1
2026-07-08T07:30:03,680551210_2873,28.610180415111923,77.22452394525766,163,163,0,41,41,1.0,0.0,1,FRC3
2026-07-08T07:30:03,195207626_6779,28.606996437229277,77.12228140915767,952,781,171,32,39,0.821,17.9,1,FRC2
2026-07-08T07:30:03,605958422_2581,28.643618129651188,77.2683934033964,489,370,119,25,33,0.758,24.2,0.956429,FRC2
2026-07-08T07:30:03,1274776407_4744,28.748161520440974,77.19843942883196,2267,1649,618,24,33,0.727,27.3,0.861743,FRC3
2026-07-08T07:30:03,1155810083_4305,28.66431025000433,77.20816145003336,470,235,235,13,26,0.5,50.0,0.9868,FRC1
2026-07-08T07:30:03,1126670672_4232,28.6006001827004,77.1820928857966,252,252,0,32,32,1.0,0.0,1,FRC3
2026-07-08T07:30:03,561759719_2291,28.59294187866152,77.24176231216286,542,350,192,20,31,0.645,35.5,1,FRC4
2026-07-08T07:30:03,28103851_689,28.63217208759869,77.25264536882578,119,119,0,56,56,1.0,0.0,1,FRC1
2026-07-08T07:30:03,28103855_691,28.645098649720385,77.225133941861,934,635,299,17,25,0.68,32.0,0.998292,FRC3
2026-07-08T07:30:03,164461743_6576,28.610240271935066,77.11456477684584,1169,741,428,26,41,0.634,36.6,1,FRC2
2026-07-08T07:30:03,1323848856_6096,28.677953666004512,77.32351888457204,1284,912,372,27,38,0.711,28.9,0.996843,FRC3
2026-07-08T07:30:03,578543604_2426,28.634366100009338,77.21708589997212,374,293,81,18,23,0.783,21.7,1,FRC2
2026-07-08T07:30:04,673792811_2828,28.58953088971429,77.22924463467362,1483,1038,445,21,30,0.7,30.0,1,FRC4
2026-07-08T07:30:04,570758371_7344,28.539875113345875,77.21185591776847,419,268,151,16,25,0.64,36.0,1,FRC4
2026-07-08T07:30:04,554665389_2251,28.63357788290754,77.21666995337478,374,293,81,18,23,0.783,21.7,1,FRC2
2026-07-08T07:30:04,1312775639_8926,28.56802515003752,77.23482089983911,1579,1090,489,29,42,0.69,31.0,0.999648,FRC3
2026-07-08T07:30:04,190333631_6748,28.52075524317933,77.16394251092667,581,428,153,28,38,0.737,26.3,1,FRC2
2026-07-08T07:30:04,1182578651_8607,28.55225881727412,77.11981265436167,939,483,456,17,33,0.515,48.5,1,FRC4
2026-07-08T07:30:04,1313158398_5075,28.593939119108366,77.24301321420214,689,502,187,27,37,0.73,27.0,1,FRC2
2026-07-08T07:30:04,1078203275_11815,28.598883800000195,76.90693620000262,2139,1810,329,33,39,0.846,15.4,0.827037,FRC2
2026-07-08T07:30:04,581239046_5679,28.479393967323425,77.30543679860041,775,452,323,21,36,0.583,41.7,0.949427,FRC2
2026-07-08T07:30:04,277886172_309,28.68013444161143,77.32607843540667,1284,912,372,27,38,0.711,28.9,0.996843,FRC3
2026-07-08T07:30:04,175804010_289,28.67650222417313,77.32519647172681,702,553,149,26,33,0.788,21.2,0.994209,FRC1
2026-07-08T07:30:04,1046875075_3739,28.64015394788029,77.2832745815737,803,549,254,13,19,0.684,31.6,0.90164,FRC4
2026-07-08T07:30:04,594082031_12474,28.53483253637503,77.26820444917178,894,562,332,22,35,0.629,37.1,0.998444,FRC3
2026-07-08T07:30:04,572511731_2421,28.623715468649944,77.2130581008707,157,157,0,31,31,1.0,0.0,1,FRC4
2026-07-08T07:30:04,760536612_3424,28.61095091414656,77.21205093706702,198,157,41,23,29,0.793,20.7,0.980035,FRC6
2026-07-08T07:30:04,1244887371_4583,28.691820550009812,77.19108039998751,2181,1258,923,15,26,0.577,42.3,0.921338,FRC3
2026-07-08T07:30:04,1286176441_10550,28.73170736521969,77.09169153334054,1882,1220,662,24,37,0.649,35.1,0.998312,FRC2
2026-07-08T07:30:04,586684178_7484,28.54354373429635,77.11690481585993,939,483,456,17,33,0.515,48.5,1,FRC4
2026-07-08T07:30:04,1161756191_4329,28.676333367843423,77.20234860344114,2181,1258,923,15,26,0.577,42.3,0.921338,FRC3
2026-07-08T07:30:04,658051951_2766,28.66746255001921,77.22909450009406,1077,704,373,17,26,0.654,34.6,0.996198,FRC3
2026-07-08T07:30:04,1069840805_474,28.80282180000544,77.14266415004244,54,54,0,31,31,1.0,0.0,1,FRC3
2026-07-08T07:30:04,1250655849_12667,28.561730646079933,77.29298442705245,1129,752,377,16,24,0.667,33.3,0.983467,FRC3
2026-07-08T07:30:04,1101392939_6021,28.68876817016487,77.30801713825375,326,205,121,17,27,0.63,37.0,0.971097,FRC4
2026-07-08T07:30:04,171501169_10834,28.680762254848705,77.15221940328222,385,196,189,24,47,0.511,48.9,1,FRC1
2026-07-08T07:30:04,554798489_2255,28.609848631573414,77.19133966591005,1056,815,241,27,35,0.771,22.9,1,FRC6
2026-07-08T07:30:04,80429849_1299,28.640234991459444,77.23363978636802,1293,597,696,12,26,0.462,53.8,0.998746,FRC3
2026-07-08T07:30:04,732001900_8041,28.561546131001048,77.16858247447243,172,172,0,55,55,1.0,0.0,1,FRC2
2026-07-08T07:30:04,594082009_12467,28.504930100008064,77.27780704997977,938,579,359,21,34,0.618,38.2,0.994554,FRC3
2026-07-08T07:30:04,1035763366_11004,28.683215950033617,77.1463912001148,811,568,243,21,30,0.7,30.0,0.991968,FRC2
2026-07-08T07:30:04,688280716_7908,28.52928820000029,77.21484285000314,333,186,147,14,25,0.56,44.0,1,FRC4
2026-07-08T07:30:04,605840556_5965,28.67656091238996,77.32294258526926,766,651,115,34,40,0.85,15.0,1,FRC3
2026-07-08T07:30:04,191229346_12392,28.52870463937523,77.2712888378788,12,12,0,29,29,1.0,0.0,1,FRC3
2026-07-08T07:30:04,77882040_1181,28.69713422144704,77.18245685980818,702,444,258,19,30,0.633,36.7,0.994093,FRC5
2026-07-08T07:30:04,374689514_10896,28.67117919981934,77.09307076098166,1726,1115,611,31,48,0.646,35.4,1,FRC2
2026-07-08T07:30:04,1013996163_10996,28.679557450003312,77.09444419997479,157,99,58,17,27,0.63,37.0,0.821571,FRC3
2026-07-08T07:30:04,423593939_2043,28.57358728999694,77.20958184838483,234,185,49,34,43,0.791,20.9,1,FRC1
2026-07-08T07:30:04,170460549_6619,28.52011610635344,77.20423897632773,2140,1402,738,19,29,0.655,34.5,0.997235,FRC2
2026-07-08T07:30:04,704527734_3029,28.576332000003863,77.25540110001516,664,489,175,28,38,0.737,26.3,1,FRC2
2026-07-08T07:30:04,77766256_10745,28.670471233329323,77.13870981074123,1336,600,736,22,49,0.449,55.1,1,FRC1
2026-07-08T07:30:04,679552312_2865,28.681519363104893,77.22270159844264,171,117,54,26,38,0.684,31.6,1,FRC1
2026-07-08T07:30:04,243056161_1778,28.658273024031104,77.28995664967685,1054,744,310,24,34,0.706,29.4,0.977472,FRC2
2026-07-08T07:30:04,175803910_1611,28.69423226523117,77.25475338221595,899,899,0,48,48,1.0,0.0,1,FRC3
2026-07-08T07:30:04,77363984_6412,28.55095164931341,77.18330061418612,2081,1277,804,27,44,0.614,38.6,0.995329,FRC2
2026-07-08T07:30:04,605958418_2577,28.646296249470986,77.26868455346376,1211,969,242,40,50,0.8,20.0,0.999602,FRC2
2026-07-08T07:30:04,581439213_7413,28.57027647629832,77.20825330650094,79,56,23,27,38,0.711,28.9,1,FRC2
2026-07-08T07:30:04,1285857338_8836,28.633485398665247,77.13155249574339,1336,600,736,22,49,0.449,55.1,1,FRC1
2026-07-08T07:30:04,759114175_8113,28.51573539912596,77.22692866161098,17,13,4,9,12,0.75,25.0,0.98,FRC3
2026-07-08T07:30:04,615472620_2691,28.67924423613079,77.22948179850864,15,9,6,23,38,0.605,39.5,1,FRC1
2026-07-08T07:30:04,1252762961_4630,28.57252835004244,77.25834390015157,664,489,175,28,38,0.737,26.3,1,FRC2
2026-07-08T07:30:04,973071387_3595,28.616012819886286,77.24944693105083,113,113,0,43,43,1.0,0.0,1,FRC2
2026-07-08T07:30:04,1145543149_8549,28.63763346493056,77.0810092554196,601,419,182,23,33,0.697,30.3,0.953679,FRC3
2026-07-08T07:30:04,195207624_6778,28.60582435011361,77.12531875011909,952,781,171,32,39,0.821,17.9,1,FRC2
2026-07-08T07:30:04,582037592_2459,28.59244798294416,77.16823071784252,22,17,5,30,40,0.75,25.0,1,FRC2
2026-07-08T07:30:04,686515640_7881,28.55336865840238,77.16634796714247,476,399,77,31,37,0.838,16.2,1,FRC2
2026-07-08T07:30:04,1103577070_4159,28.67844574682699,77.25652968870547,899,899,0,48,48,1.0,0.0,1,FRC3
2026-07-08T07:30:04,1064794348_3785,28.70591960242076,77.22747125005216,26,26,0,44,44,1.0,0.0,1,FRC4
2026-07-08T07:30:04,658041633_7732,28.56762789997501,77.22594166665111,476,365,111,33,43,0.767,23.3,1,FRC1
2026-07-08T07:30:04,759020452_8111,28.565199309852627,77.23612270306914,476,365,111,33,43,0.767,23.3,1,FRC1
2026-07-08T07:30:04,1274823144_4783,28.70064228715008,77.29469589022817,1285,845,440,25,38,0.658,34.2,0.993195,FRC1
2026-07-08T07:30:04,651654695_2742,28.579219431355774,77.17565339847359,818,459,359,23,41,0.561,43.9,1,FRC1
2026-07-08T07:30:04,879145487_9754,28.73331503985862,77.11657890143962,756,511,245,23,34,0.676,32.4,0.992354,FRC3
2026-07-08T07:30:04,1283227674_11339,28.46359475001256,77.1165982499859,1456,1456,0,55,55,1.0,0.0,1,FRC3
2026-07-08T07:30:04,687049832_2946,28.700262034289207,77.2965069912149,1161,855,306,28,38,0.737,26.3,0.997969,FRC1
2026-07-08T07:30:04,1077953383_11802,28.529647200060936,76.90595404978514,1299,1299,0,40,40,1.0,0.0,1,FRC5
2026-07-08T07:30:04,1312967347_10659,28.684799200051067,77.14865749991941,276,210,66,35,46,0.761,23.9,1,FRC1
2026-07-08T07:30:04,605840550_5959,28.69827584410145,77.31029715732555,1161,855,306,28,38,0.737,26.3,0.997969,FRC1
2026-07-08T07:30:04,812690415_3525,28.572590518605917,77.20909409546375,45,33,12,26,35,0.743,25.7,0.98,FRC2
2026-07-08T07:30:04,707180849_12552,28.51189470000089,77.25863215000813,2140,1402,738,19,29,0.655,34.5,0.997235,FRC2
2026-07-08T07:30:04,581439207_7409,28.56986927395828,77.20892919619594,77,58,19,28,37,0.757,24.3,1,FRC2
2026-07-08T07:30:04,561759724_7213,28.56564549409812,77.23358775463576,62,62,0,29,29,1.0,0.0,1,FRC3
2026-07-08T07:30:04,1080501681_10084,28.75742528036801,77.0666489276367,2799,1527,1272,18,33,0.545,45.5,0.914935,FRC4
2026-07-08T07:30:04,195207632_6783,28.60591505014033,77.12550910015419,1169,741,428,26,41,0.634,36.6,1,FRC2
2026-07-08T07:30:04,39452774_6282,28.59505922984085,77.07230464256187,17,17,0,32,32,1.0,0.0,1,FRC4
2026-07-08T07:30:04,77629925_1134,28.707199400198363,77.17359749945291,356,245,111,33,48,0.688,31.2,1,FRC1
2026-07-08T07:30:04,1252913581_4640,28.57582514509064,77.26351302403782,83,58,25,33,47,0.702,29.8,1,FRC1
2026-07-08T07:30:04,656187262_7722,28.51835390513944,77.21288412051088,2185,1384,801,19,30,0.633,36.7,0.997043,FRC2
2026-07-08T07:30:04,1125156527_8501,28.60857066264121,77.10254595639755,9,6,3,10,14,0.714,28.6,0.81,FRC4
2026-07-08T07:30:04,555197181_7145,28.54189025034216,77.22807505013904,2081,1277,804,27,44,0.614,38.6,0.995329,FRC2
2026-07-08T07:30:04,567831209_2350,28.58046110002516,77.17488165011682,818,459,359,23,41,0.561,43.9,1,FRC1
2026-07-08T07:43:50,1312003262_5003,28.7335118502237,77.17902130023958,55,34,21,31,50,0.62,38.0,1,FRC1
2026-07-08T07:43:50,754138615_9731,28.73483755030277,77.15603580124726,1390,1042,348,48,64,0.75,25.0,0.995759,FRC1
2026-07-08T07:43:50,1313008746_5065,28.67190945017987,77.26038490014699,145,119,26,37,45,0.822,17.8,1,FRC1
2026-07-08T07:43:50,1272998250_4723,28.61620115016497,77.28564394977585,566,443,123,40,51,0.784,21.6,1,FRC1
2026-07-08T07:43:50,1272699863_10430,28.7325645979497,77.15211083474186,1574,1092,482,34,49,0.694,30.6,0.999553,FRC2
2026-07-08T07:43:50,1271957904_520,28.79009748043149,77.14219362408288,1390,1042,348,48,64,0.75,25.0,0.995759,FRC1
2026-07-08T07:43:50,77643398_9050,28.72133022648934,77.1404829934589,1574,1092,482,34,49,0.694,30.6,0.999553,FRC2
2026-07-08T07:43:50,171505934_10844,28.68176372143336,77.07382234762017,2686,1638,1048,25,41,0.61,39.0,0.970502,FRC1
2026-07-08T07:43:50,175774747_1554,28.669952908952293,77.26287938693689,335,229,106,26,38,0.684,31.6,0.995999,FRC1
2026-07-08T07:43:50,696178605_2985,28.60514967968459,77.28788560004877,1153,950,203,42,51,0.824,17.6,0.999845,FRC2
2026-07-08T07:43:51,1312003261_5002,28.732846527011077,77.18052262172371,63,63,0,54,54,1.0,0.0,1,FRC1
2026-07-08T07:43:51,258237312_12405,28.537250980885524,77.28601262789124,37,37,0,31,31,1.0,0.0,1,FRC3
2026-07-08T07:43:51,1081352292_11111,28.683569350000955,77.0133321499925,2686,1638,1048,25,41,0.61,39.0,0.970502,FRC1
2026-07-08T07:43:51,1311999549_4994,28.727439850318262,77.20196525042412,295,295,0,54,54,1.0,0.0,1,FRC1
2026-07-08T07:43:51,1271957905_521,28.797262051218134,77.14359156473878,1329,972,357,49,67,0.731,26.9,1,FRC1
2026-07-08T07:43:51,749654825_5712,28.493146250032297,77.3031574504581,74,74,0,36,36,1.0,0.0,1,FRC2
2026-07-08T07:43:51,760444564_8123,28.48125538503149,77.11474825810541,2679,1810,869,25,37,0.676,32.4,1,FRC2
2026-07-08T07:43:51,733740806_5380,28.62656300913378,77.3145887387114,566,443,123,40,51,0.784,21.6,1,FRC1
2026-07-08T07:43:51,1322586170_552,28.82379485002008,77.13252105003025,1390,1042,348,48,64,0.75,25.0,0.995759,FRC1
2026-07-08T07:43:51,1081353663_11112,28.68339410000165,77.01615059998673,2686,1638,1048,25,41,0.61,39.0,0.970502,FRC1
2026-07-08T07:43:51,519445878_9649,28.698681618005065,77.12145049624543,1329,1022,307,40,52,0.769,23.1,1,FRC2
2026-07-08T07:43:51,78331491_9140,28.76240442689812,77.14664584398126,1390,1042,348,48,64,0.75,25.0,0.995759,FRC1
2026-07-08T07:43:51,553321282_7128,28.59346702527715,77.16461656538954,187,140,47,38,51,0.745,25.5,1,FRC1
2026-07-08T07:43:51,77629864_9006,28.734252100075988,77.15649950021997,1390,1042,348,48,64,0.75,25.0,0.995759,FRC1
2026-07-08T07:43:51,1276018673_12164,28.55176478996038,77.04878921866404,161,161,0,71,71,1.0,0.0,1,FRC0
2026-07-08T07:43:51,729959838_3258,28.61678283868487,77.28656190538877,566,443,123,40,51,0.784,21.6,1,FRC1
2026-07-08T07:43:51,1066010057_3794,28.673723798776017,77.25594247251395,27,27,0,42,42,1.0,0.0,1,FRC2
2026-07-08T07:43:51,848907336_10994,28.688929145367656,76.95379664281963,2686,1638,1048,25,41,0.61,39.0,0.970502,FRC1
2026-07-08T07:43:51,615472643_10937,28.66549515943425,77.0922112190541,1574,1092,482,34,49,0.694,30.6,0.999553,FRC2
2026-07-08T07:43:51,1125550297_10237,28.840790189727404,77.12764536507629,1329,972,357,49,67,0.731,26.9,1,FRC1
2026-07-08T07:43:51,739709594_174,28.63159521269395,77.32988856131384,566,443,123,40,51,0.784,21.6,1,FRC1
2026-07-08T07:43:51,1117997323_268,28.581787600028143,77.30339090012164,538,343,195,23,36,0.639,36.1,0.998334,FRC3
2026-07-08T07:43:51,1184652572_5802,28.49935689408889,77.30000040298998,59,59,0,39,39,1.0,0.0,1,FRC2
2026-07-08T07:43:51,519440491_2173,28.732193545681827,77.18322585121508,38,30,8,44,55,0.8,20.0,1,FRC1
2026-07-08T07:43:51,1312003264_5005,28.73118915059046,77.1874309003172,38,30,8,44,55,0.8,20.0,1,FRC1
2026-07-08T07:43:51,749654826_5713,28.49074044670958,77.30369249678816,74,74,0,36,36,1.0,0.0,1,FRC2
2026-07-08T07:43:51,70220647_880,28.62859465417036,77.24681526741986,50,50,0,54,54,1.0,0.0,1,FRC1
2026-07-08T07:43:51,293091496_9500,28.73723387012009,77.15459940625567,1390,1042,348,48,64,0.75,25.0,0.995759,FRC1
2026-07-08T07:43:51,733740794_3287,28.621234036350025,77.2999008102617,625,445,180,37,52,0.712,28.8,1,FRC1
2026-07-08T07:43:51,1184652573_5803,28.49458555685833,77.30296042021848,1833,1344,489,44,60,0.733,26.7,0.977911,FRC1
2026-07-08T07:43:51,202671157_6786,28.593823376111853,77.16621572529873,33,33,0,20,20,1.0,0.0,1,FRC1
2026-07-08T07:43:51,77643452_10721,28.683289650005477,77.09523154995946,1574,1092,482,34,49,0.694,30.6,0.999553,FRC2
2026-07-08T07:43:51,1184653691_5814,28.498412506264767,77.3016491313384,1850,1396,454,40,53,0.755,24.5,1,FRC1
2026-07-08T07:43:51,519440488_2170,28.73738550233168,77.16734270127739,234,128,106,30,55,0.545,45.5,1,FRC1
2026-07-08T07:43:51,1183847109_10318,28.847583800019724,77.12626684999562,306,254,52,34,41,0.829,17.1,0.916325,FRC2
2026-07-08T07:43:51,38116091_789,28.572845265072,77.24462004299579,1579,1117,462,29,41,0.707,29.3,0.999648,FRC3
2026-07-08T07:43:51,76834899_960,28.61693810011026,77.28766349988258,858,609,249,22,31,0.71,29.0,0.981871,FRC3
2026-07-08T07:43:51,422584730_11660,28.55752240072102,76.92753008121655,981,981,0,42,42,1.0,0.0,1,FRC3
2026-07-08T07:43:51,1159559381_12016,28.54417437397353,77.0078297939509,1138,1138,0,44,44,1.0,0.0,1,FRC3
2026-07-08T07:43:51,766036525_3441,28.58630370000292,77.2242427499995,353,268,85,22,29,0.759,24.1,0.95766,FRC4
2026-07-08T07:43:51,77770001_10767,28.670086233635608,77.16647486440381,649,448,201,20,29,0.69,31.0,0.94639,FRC3
2026-07-08T07:43:51,1077916786_4119,28.65090049969148,77.2323381105123,1077,654,423,17,28,0.607,39.3,0.994845,FRC3
2026-07-08T07:43:51,172306021_9397,28.809137450005124,77.07972445002964,552,468,84,50,59,0.847,15.3,0.934703,FRC4
2026-07-08T07:43:51,38699585_799,28.637964526614923,77.2264064179853,1109,597,512,14,26,0.538,46.2,0.997709,FRC3
2026-07-08T07:43:51,1154070005_4297,28.72751201909045,77.17926029335209,577,385,192,30,45,0.667,33.3,1,FRC1
2026-07-08T07:43:51,681929725_7833,28.64515631104873,77.106169018746,480,411,69,12,14,0.857,14.3,0.767954,FRC4
2026-07-08T07:43:51,1080438071_10082,28.71676779244684,77.0944989600839,1964,1220,744,23,37,0.622,37.8,0.999316,FRC2
2026-07-08T07:43:51,1274782010_4766,28.739693565714187,77.26118638296956,899,899,0,48,48,1.0,0.0,1,FRC3
2026-07-08T07:43:51,1306291759_10620,28.824893693009983,77.07414842238752,456,456,0,51,51,1.0,0.0,1,FRC4
2026-07-08T07:43:51,776652311_3477,28.621354828947982,77.30046730231618,348,242,106,25,36,0.694,30.6,1,FRC3
2026-07-08T07:43:51,235103620_11526,28.56017405981834,77.01549123214811,513,513,0,36,36,1.0,0.0,1,FRC4
2026-07-08T07:43:51,1073864508_9901,28.75532807892416,77.1157167507687,641,495,146,27,35,0.771,22.9,0.995325,FRC3
2026-07-08T07:43:51,1203899003_4497,28.706943330353266,77.1684643853189,749,542,207,21,29,0.724,27.6,0.957333,FRC4
2026-07-08T07:43:51,168924273_6607,28.505615826312248,77.23897841841165,2259,1402,857,18,29,0.621,37.9,0.999422,FRC2
2026-07-08T07:43:51,78799866_9220,28.7361984617444,77.1653143616256,162,36,126,9,40,0.225,77.5,0.99,FRC2
2026-07-08T07:43:51,77743844_9106,28.700291290971748,77.15574715562008,798,460,338,15,26,0.577,42.3,0.924711,FRC4
2026-07-08T07:43:51,1201874795_10348,28.810173451368,77.1184592033787,552,468,84,50,59,0.847,15.3,0.934703,FRC4
2026-07-08T07:43:51,173133404_12364,28.542195833560434,77.29250811313072,2376,1854,522,32,41,0.78,22.0,1,FRC3
2026-07-08T07:43:51,782774054_3511,28.62025800000121,77.21041655000535,131,100,31,19,25,0.76,24.0,0.78,FRC4
2026-07-08T07:43:52,1120022472_8492,28.55447620896645,77.23203609448547,884,425,459,13,27,0.481,51.9,1,FRC4
2026-07-08T07:43:52,1126929460_4238,28.71180271222937,77.22943810279551,122,122,0,22,22,1.0,0.0,1,FRC2
2026-07-08T07:43:52,314638661_11614,28.577153698254303,76.8743029597452,2139,1810,329,33,39,0.846,15.4,0.796588,FRC2
2026-07-08T07:43:52,24577381_613,28.60681392028704,77.22437369787586,75,75,0,41,41,1.0,0.0,1,FRC1
2026-07-08T07:43:52,422350600_10918,28.78313645864092,76.94929819731772,2100,1831,269,34,39,0.872,12.8,0.682371,FRC2
2026-07-08T07:43:52,203599271_6823,28.590361979413917,77.08320920219212,1637,1194,443,27,37,0.73,27.0,0.997844,FRC6
2026-07-08T07:43:52,170938134_5258,28.62747825023994,77.31704349981999,280,235,45,31,37,0.838,16.2,1,FRC3
2026-07-08T07:43:52,210364586_6831,28.60175539704051,77.0544416565403,677,677,0,32,32,1.0,0.0,1,FRC4
2026-07-08T07:43:52,682964521_7847,28.56534025000453,77.20022939999892,779,575,204,17,23,0.739,26.1,0.994982,FRC4
2026-07-08T07:43:52,1184378555_5798,28.51183575000228,77.31345965000627,557,453,104,13,16,0.812,18.8,0.925411,FRC4
2026-07-08T07:43:52,379349375_10907,28.659535195892754,76.9902482177204,125,125,0,38,38,1.0,0.0,1,FRC4
2026-07-08T07:43:52,164702348_12346,28.55774815971238,77.28819484795332,1129,752,377,16,24,0.667,33.3,0.985293,FRC3
2026-07-08T07:43:52,570803639_2394,28.58700232091038,77.23398282683296,1483,1038,445,21,30,0.7,30.0,1,FRC4
2026-07-08T07:43:52,77617193_1086,28.661978857801408,77.23992644520263,113,84,29,32,43,0.744,25.6,1,FRC1
2026-07-08T07:43:52,1274781093_75,28.742653650087675,77.26213405014737,559,490,69,50,57,0.877,12.3,0.992361,FRC2
2026-07-08T07:43:52,1255882944_11190,28.68000655000377,77.08484724997152,146,111,35,19,25,0.76,24.0,0.963134,FRC4
2026-07-08T07:43:52,1050561832_3748,28.75830624558086,77.17765847133317,937,796,141,17,20,0.85,15.0,0.700298,FRC4
2026-07-08T07:43:52,1076252889_12598,28.525723250001377,77.27936825001848,856,562,294,23,35,0.657,34.3,0.995488,FRC3
2026-07-08T07:43:52,1306497891_4947,28.70963851756227,77.28591492567888,418,313,105,15,20,0.75,25.0,0.748486,FRC4
2026-07-08T07:43:52,77004697_1008,28.596430250093643,77.29317694991747,1348,990,358,36,49,0.735,26.5,0.999333,FRC2
2026-07-08T07:43:52,202665381_10859,28.67017055059156,77.16542090979112,3849,2309,1540,18,30,0.6,40.0,0.986079,FRC2
2026-07-08T07:43:52,1077642220_4106,28.65145840239566,77.20572394645998,709,354,355,14,28,0.5,50.0,1,FRC1
2026-07-08T07:43:52,278977065_11544,28.62578502845304,76.90595413017583,621,621,0,28,28,1.0,0.0,1,FRC4
2026-07-08T07:43:52,1275944980_12126,28.57847582472563,77.00652027717024,296,296,0,53,53,1.0,0.0,1,FRC4
2026-07-08T07:43:52,586687208_7500,28.54169467065229,77.11776043977837,1014,457,557,23,51,0.451,54.9,0.998176,FRC1
2026-07-08T07:43:52,176492685_1684,28.58597795000236,77.29349485003652,625,464,161,29,39,0.744,25.6,1,FRC4
2026-07-08T07:43:52,1118936174_8477,28.55290512434433,77.05025070272647,161,161,0,71,71,1.0,0.0,1,FRC0
2026-07-08T07:43:52,1309546294_8889,28.55869757234572,77.05417263135095,513,513,0,36,36,1.0,0.0,1,FRC4
2026-07-08T07:43:52,81061303_24,28.58000061669264,77.2955884866146,553,470,83,34,40,0.85,15.0,1,FRC4
2026-07-08T07:43:52,169323875_6610,28.543416246480696,77.11620501593522,1064,483,581,15,33,0.455,54.5,1,FRC4
2026-07-08T07:43:52,739709591_5390,28.630132852699195,77.32626414807251,458,366,92,52,65,0.8,20.0,1,FRC1
2026-07-08T07:43:52,190261068_6713,28.525874392305283,77.10131881094023,5,5,0,39,39,1.0,0.0,1,FRC2
2026-07-08T07:43:52,71435200_920,28.578732325148163,77.30161246491157,224,224,0,59,59,1.0,0.0,1,FRC1
2026-07-08T07:43:52,76842648_969,28.62292998866329,77.30453360509472,458,366,92,52,65,0.8,20.0,1,FRC1
2026-07-08T07:43:52,684512045_5356,28.626385703877823,77.31496154705613,625,445,180,37,52,0.712,28.8,1,FRC1
2026-07-08T07:43:52,76849306_19,28.57761622944116,77.28960367138384,278,235,43,49,58,0.845,15.5,1,FRC1
2026-07-08T07:43:52,586684180_7486,28.53954700000966,77.11660109992128,8,8,0,38,38,1.0,0.0,1,FRC3
2026-07-08T07:43:52,76849167_974,28.578036894660528,77.27752768487743,278,235,43,49,58,0.845,15.5,1,FRC1
2026-07-08T07:43:52,1312967330_8947,28.544270933925745,77.11558778760701,1014,457,557,23,51,0.451,54.9,0.998176,FRC1
2026-07-08T07:43:52,1283496575_5541,28.62450125007257,77.30865389994165,335,335,0,69,69,1.0,0.0,1,FRC1
2026-07-08T07:43:52,1272998251_4724,28.616551638212343,77.28671344651134,458,366,92,52,65,0.8,20.0,1,FRC1
2026-07-08T07:43:52,190261045_6706,28.51229539092968,77.09316617299704,1600,1343,257,47,56,0.839,16.1,1,FRC1
2026-07-08T07:43:52,1283521609_4861,28.621568750036488,77.30045594997114,458,366,92,52,65,0.8,20.0,1,FRC1
2026-07-08T07:43:52,225718656_6833,28.51332460721611,77.09287183628282,1653,1254,399,44,58,0.759,24.1,1,FRC1
2026-07-08T07:43:52,1118959403_11971,28.558623962696338,77.04412110418482,1190,1190,0,76,76,1.0,0.0,1,FRC2
2026-07-08T07:43:52,203589999_11515,28.54009699788727,77.03793964885871,221,221,0,65,65,1.0,0.0,1,FRC0
2026-07-08T07:43:52,459988200_2129,28.579388474669493,77.29338668746257,224,224,0,59,59,1.0,0.0,1,FRC1
2026-07-08T07:43:52,31097490_6159,28.581427738053414,77.14530919891486,1014,457,557,23,51,0.451,54.9,0.998176,FRC1
2026-07-08T07:43:52,37683065_782,28.57862141867612,77.26916603399955,89,89,0,46,46,1.0,0.0,1,FRC1
2026-07-08T07:43:52,76842646_5218,28.62458625005454,77.30890914996209,335,335,0,69,69,1.0,0.0,1,FRC1
2026-07-08T07:43:52,72002996_5191,28.62883168320012,77.32218167408332,458,366,92,52,65,0.8,20.0,1,FRC1
2026-07-08T07:43:52,665106695_11703,28.534797763030348,77.03493559510467,221,221,0,65,65,1.0,0.0,1,FRC0
2026-07-08T07:43:52,1275944972_12118,28.590939900000297,77.00886754999766,1190,1190,0,76,76,1.0,0.0,1,FRC2
2026-07-08T07:43:52,190261066_6712,28.527599650085577,77.1020687498259,6,6,0,38,38,1.0,0.0,1,FRC2
2026-07-08T07:43:52,1116296125_11941,28.57294240002825,77.00709740033888,1190,1190,0,76,76,1.0,0.0,1,FRC2
2026-07-08T07:43:52,28616600_6132,28.55881261097506,77.13347681895029,1600,1343,257,47,56,0.839,16.1,1,FRC1
2026-07-08T07:43:53,76834898_959,28.6036548337072,77.2685561310336,18,18,0,61,61,1.0,0.0,1,FRC1
2026-07-08T07:43:53,1118959402_11970,28.558510786035605,77.04407107130918,148,148,0,45,45,1.0,0.0,1,FRC4
2026-07-08T07:43:53,555197217_2266,28.60491895991324,77.27137963956962,78,78,0,64,64,1.0,0.0,1,FRC1
2026-07-08T07:43:53,739709592_172,28.630866154721765,77.32816179656201,335,335,0,69,69,1.0,0.0,1,FRC1
2026-07-08T07:43:53,1253124560_4643,28.57924575924795,77.26771669054187,223,50,173,12,53,0.226,77.4,1,FRC1
2026-07-08T07:43:53,1275944981_12127,28.578623481341253,77.00689463429998,332,332,0,56,56,1.0,0.0,1,FRC4
2026-07-08T07:43:53,555197219_2267,28.60891117319883,77.27875492380406,78,78,0,64,64,1.0,0.0,1,FRC1
2026-07-08T07:43:53,1183845908_4367,28.5785727461531,77.3014636274964,278,235,43,49,58,0.845,15.5,1,FRC1
2026-07-08T07:43:53,81061303_1379,28.58000061669264,77.2955884866146,553,470,83,34,40,0.85,15.0,1,FRC4
2026-07-08T07:43:53,28746776_726,28.577126881823443,77.27894058332664,224,224,0,59,59,1.0,0.0,1,FRC1
2026-07-08T07:43:53,205771485_6829,28.54573021758676,77.12268346819816,1600,1343,257,47,56,0.839,16.1,1,FRC1
2026-07-08T07:43:53,28616605_6135,28.53010158785404,77.10390315622871,1653,1254,399,44,58,0.759,24.1,1,FRC1
2026-07-08T07:43:53,81061270_22,28.58142127218609,77.29504818000866,625,464,161,29,39,0.744,25.6,1,FRC4
2026-07-08T07:43:53,680551210_2873,28.610180415111923,77.22452394525766,208,167,41,32,40,0.8,20.0,1,FRC3
2026-07-08T07:43:53,1241992402_4577,28.59875380000435,77.2032118500068,266,203,63,29,38,0.763,23.7,0.998414,FRC3
2026-07-08T07:43:53,1155810083_4305,28.66431025000433,77.20816145003336,555,235,320,11,26,0.423,57.7,0.992087,FRC1
2026-07-08T07:43:53,605958422_2581,28.643618129651188,77.2683934033964,510,370,140,24,33,0.727,27.3,0.946201,FRC2
2026-07-08T07:43:53,1274776407_4744,28.748161520440974,77.19843942883196,2366,1649,717,23,33,0.697,30.3,0.865651,FRC3
2026-07-08T07:43:53,195207626_6779,28.606996437229277,77.12228140915767,952,781,171,32,39,0.821,17.9,1,FRC2
2026-07-08T07:43:53,1126670672_4232,28.6006001827004,77.1820928857966,351,260,91,23,31,0.742,25.8,0.988426,FRC3
2026-07-08T07:43:53,28103855_691,28.645098649720385,77.225133941861,934,662,272,17,24,0.708,29.2,0.997393,FRC3
2026-07-08T07:43:53,164461743_6576,28.610240271935066,77.11456477684584,1048,741,307,29,41,0.707,29.3,1,FRC2
2026-07-08T07:43:53,28103851_689,28.63217208759869,77.25264536882578,119,119,0,56,56,1.0,0.0,1,FRC1
2026-07-08T07:43:53,561759719_2291,28.59294187866152,77.24176231216286,678,339,339,16,32,0.5,50.0,1,FRC4
2026-07-08T07:43:53,1323848856_6096,28.677953666004512,77.32351888457204,1196,912,284,29,38,0.763,23.7,0.997392,FRC3
2026-07-08T07:43:53,673792811_2828,28.58953088971429,77.22924463467362,1483,1038,445,21,30,0.7,30.0,1,FRC4
2026-07-08T07:43:53,554665389_2251,28.63357788290754,77.21666995337478,293,293,0,23,23,1.0,0.0,1,FRC2
2026-07-08T07:43:53,578543604_2426,28.634366100009338,77.21708589997212,293,293,0,23,23,1.0,0.0,1,FRC2
2026-07-08T07:43:53,570758371_7344,28.539875113345875,77.21185591776847,372,258,114,18,26,0.692,30.8,1,FRC4
2026-07-08T07:43:53,190333631_6748,28.52075524317933,77.16394251092667,603,428,175,27,38,0.711,28.9,1,FRC2
2026-07-08T07:43:53,1312775639_8926,28.56802515003752,77.23482089983911,1579,1117,462,29,41,0.707,29.3,0.999648,FRC3
2026-07-08T07:43:53,1182578651_8607,28.55225881727412,77.11981265436167,1064,483,581,15,33,0.455,54.5,1,FRC4
2026-07-08T07:43:53,277886172_309,28.68013444161143,77.32607843540667,1196,912,284,29,38,0.763,23.7,0.997392,FRC3
2026-07-08T07:43:53,1313158398_5075,28.593939119108366,77.24301321420214,664,489,175,28,38,0.737,26.3,1,FRC2
2026-07-08T07:43:53,581239046_5679,28.479393967323425,77.30543679860041,958,465,493,17,35,0.486,51.4,0.93638,FRC2
2026-07-08T07:43:53,1286176441_10550,28.73170736521969,77.09169153334054,1964,1220,744,23,37,0.622,37.8,0.999316,FRC2
2026-07-08T07:43:53,1078203275_11815,28.598883800000195,76.90693620000262,2139,1810,329,33,39,0.846,15.4,0.796588,FRC2
2026-07-08T07:43:53,175804010_289,28.67650222417313,77.32519647172681,731,537,194,25,34,0.735,26.5,0.993923,FRC1
2026-07-08T07:43:53,572511731_2421,28.623715468649944,77.2130581008707,212,157,55,23,31,0.742,25.8,1,FRC4
2026-07-08T07:43:53,1046875075_3739,28.64015394788029,77.2832745815737,870,549,321,12,19,0.632,36.8,0.884573,FRC4
2026-07-08T07:43:53,594082031_12474,28.53483253637503,77.26820444917178,786,562,224,25,35,0.714,28.6,0.993734,FRC3
2026-07-08T07:43:53,760536612_3424,28.61095091414656,77.21205093706702,157,157,0,29,29,1.0,0.0,1,FRC6
2026-07-08T07:43:53,1244887371_4583,28.691820550009812,77.19108039998751,2181,1258,923,15,26,0.577,42.3,0.946824,FRC3
2026-07-08T07:43:53,1069840805_474,28.80282180000544,77.14266415004244,54,54,0,31,31,1.0,0.0,1,FRC3
2026-07-08T07:43:53,586684178_7484,28.54354373429635,77.11690481585993,1064,483,581,15,33,0.455,54.5,1,FRC4
2026-07-08T07:43:53,658051951_2766,28.66746255001921,77.22909450009406,1077,654,423,17,28,0.607,39.3,0.994845,FRC3
2026-07-08T07:43:53,1161756191_4329,28.676333367843423,77.20234860344114,2181,1258,923,15,26,0.577,42.3,0.946824,FRC3
2026-07-08T07:43:53,171501169_10834,28.680762254848705,77.15221940328222,544,196,348,17,47,0.362,63.8,1,FRC1
2026-07-08T07:43:53,1250655849_12667,28.561730646079933,77.29298442705245,1129,752,377,16,24,0.667,33.3,0.985293,FRC3
2026-07-08T07:43:53,554798489_2255,28.609848631573414,77.19133966591005,1056,792,264,27,36,0.75,25.0,1,FRC6
2026-07-08T07:43:53,1101392939_6021,28.68876817016487,77.30801713825375,396,205,191,14,27,0.519,48.1,0.981538,FRC4
2026-07-08T07:43:53,1035763366_11004,28.683215950033617,77.1463912001148,811,587,224,21,29,0.724,27.6,0.995507,FRC2
2026-07-08T07:43:53,80429849_1299,28.640234991459444,77.23363978636802,1109,597,512,14,26,0.538,46.2,0.997709,FRC3
2026-07-08T07:43:53,688280716_7908,28.52928820000029,77.21484285000314,359,186,173,13,25,0.52,48.0,1,FRC4
2026-07-08T07:43:53,732001900_8041,28.561546131001048,77.16858247447243,172,172,0,55,55,1.0,0.0,1,FRC2
2026-07-08T07:43:53,605840556_5965,28.67656091238996,77.32294258526926,766,651,115,34,40,0.85,15.0,1,FRC3
2026-07-08T07:43:53,594082009_12467,28.504930100008064,77.27780704997977,856,562,294,23,35,0.657,34.3,0.995488,FRC3
2026-07-08T07:43:53,77882040_1181,28.69713422144704,77.18245685980818,667,444,223,20,30,0.667,33.3,0.985011,FRC5
2026-07-08T07:43:53,191229346_12392,28.52870463937523,77.2712888378788,12,12,0,29,29,1.0,0.0,1,FRC3
2026-07-08T07:43:53,1013996163_10996,28.679557450003312,77.09444419997479,178,99,79,15,27,0.556,44.4,0.911834,FRC3
2026-07-08T07:43:53,374689514_10896,28.67117919981934,77.09307076098166,1574,1092,482,34,49,0.694,30.6,0.999553,FRC2
2026-07-08T07:43:53,170460549_6619,28.52011610635344,77.20423897632773,2259,1402,857,18,29,0.621,37.9,0.999422,FRC2
2026-07-08T07:43:53,704527734_3029,28.576332000003863,77.25540110001516,620,477,143,30,39,0.769,23.1,1,FRC2
2026-07-08T07:43:53,423593939_2043,28.57358728999694,77.20958184838483,265,185,80,30,43,0.698,30.2,1,FRC1
2026-07-08T07:43:53,77766256_10745,28.670471233329323,77.13870981074123,1176,600,576,25,49,0.51,49.0,1,FRC1
2026-07-08T07:43:53,243056161_1778,28.658273024031104,77.28995664967685,1054,744,310,24,34,0.706,29.4,0.973933,FRC2
2026-07-08T07:43:53,679552312_2865,28.681519363104893,77.22270159844264,165,117,48,27,38,0.711,28.9,1,FRC1
2026-07-08T07:43:54,605958418_2577,28.646296249470986,77.26868455346376,1153,950,203,42,51,0.824,17.6,0.999845,FRC2
2026-07-08T07:43:54,175803910_1611,28.69423226523117,77.25475338221595,899,899,0,48,48,1.0,0.0,1,FRC3
2026-07-08T07:43:54,77363984_6412,28.55095164931341,77.18330061418612,2007,1277,730,28,44,0.636,36.4,0.991367,FRC2
2026-07-08T07:43:54,581439213_7413,28.57027647629832,77.20825330650094,56,56,0,38,38,1.0,0.0,1,FRC2
2026-07-08T07:43:54,759114175_8113,28.51573539912596,77.22692866161098,32,13,19,5,12,0.417,58.3,0.99,FRC3
2026-07-08T07:43:54,1285857338_8836,28.633485398665247,77.13155249574339,1176,600,576,25,49,0.51,49.0,1,FRC1
2026-07-08T07:43:54,615472620_2691,28.67924423613079,77.22948179850864,11,9,2,31,39,0.795,20.5,1,FRC1
2026-07-08T07:43:54,1252762961_4630,28.57252835004244,77.25834390015157,620,477,143,30,39,0.769,23.1,1,FRC2
2026-07-08T07:43:54,973071387_3595,28.616012819886286,77.24944693105083,113,113,0,43,43,1.0,0.0,1,FRC2
2026-07-08T07:43:54,1145543149_8549,28.63763346493056,77.0810092554196,628,406,222,22,34,0.647,35.3,0.952012,FRC3
2026-07-08T07:43:54,195207624_6778,28.60582435011361,77.12531875011909,952,781,171,32,39,0.821,17.9,1,FRC2
2026-07-08T07:43:54,686515640_7881,28.55336865840238,77.16634796714247,509,389,120,29,38,0.763,23.7,1,FRC2
2026-07-08T07:43:54,582037592_2459,28.59244798294416,77.16823071784252,16,16,0,41,41,1.0,0.0,1,FRC2
2026-07-08T07:43:54,1064794348_3785,28.70591960242076,77.22747125005216,26,26,0,44,44,1.0,0.0,1,FRC4
2026-07-08T07:43:54,658041633_7732,28.56762789997501,77.22594166665111,542,365,177,29,43,0.674,32.6,1,FRC1
2026-07-08T07:43:54,759020452_8111,28.565199309852627,77.23612270306914,542,365,177,29,43,0.674,32.6,1,FRC1
2026-07-08T07:43:54,1103577070_4159,28.67844574682699,77.25652968870547,899,899,0,48,48,1.0,0.0,1,FRC3
2026-07-08T07:43:54,1274823144_4783,28.70064228715008,77.29469589022817,1285,868,417,25,37,0.676,32.4,0.993527,FRC1
2026-07-08T07:43:54,651654695_2742,28.579219431355774,77.17565339847359,753,459,294,25,41,0.61,39.0,1,FRC1
2026-07-08T07:43:54,879145487_9754,28.73331503985862,77.11657890143962,790,511,279,22,34,0.647,35.3,0.996169,FRC3
2026-07-08T07:43:54,1283227674_11339,28.46359475001256,77.1165982499859,1456,1456,0,55,55,1.0,0.0,1,FRC3
2026-07-08T07:43:54,1312967347_10659,28.684799200051067,77.14865749991941,293,210,83,33,46,0.717,28.3,1,FRC1
2026-07-08T07:43:54,605840550_5959,28.69827584410145,77.31029715732555,1204,855,349,27,38,0.711,28.9,0.997968,FRC1
2026-07-08T07:43:54,687049832_2946,28.700262034289207,77.2965069912149,1204,855,349,27,38,0.711,28.9,0.997968,FRC1
2026-07-08T07:43:54,1077953383_11802,28.529647200060936,76.90595404978514,1299,1299,0,40,40,1.0,0.0,1,FRC5
2026-07-08T07:43:54,561759724_7213,28.56564549409812,77.23358775463576,94,64,30,19,28,0.679,32.1,1,FRC3
2026-07-08T07:43:54,195207632_6783,28.60591505014033,77.12550910015419,1048,741,307,29,41,0.707,29.3,1,FRC2
2026-07-08T07:43:54,812690415_3525,28.572590518605917,77.20909409546375,45,34,11,26,34,0.765,23.5,0.98,FRC2
2026-07-08T07:43:54,1080501681_10084,28.75742528036801,77.0666489276367,2799,1527,1272,18,33,0.545,45.5,0.943452,FRC4
2026-07-08T07:43:54,581439207_7409,28.56986927395828,77.20892919619594,57,57,0,38,38,1.0,0.0,1,FRC2
2026-07-08T07:43:54,656187262_7722,28.51835390513944,77.21288412051088,2076,1384,692,20,30,0.667,33.3,0.996775,FRC2
2026-07-08T07:43:54,39452774_6282,28.59505922984085,77.07230464256187,17,17,0,32,32,1.0,0.0,1,FRC4
2026-07-08T07:43:54,707180849_12552,28.51189470000089,77.25863215000813,2259,1402,857,18,29,0.621,37.9,0.999422,FRC2
2026-07-08T07:43:54,77629925_1134,28.707199400198363,77.17359749945291,336,255,81,35,46,0.761,23.9,0.998736,FRC1
2026-07-08T07:43:54,567831209_2350,28.58046110002516,77.17488165011682,753,459,294,25,41,0.61,39.0,1,FRC1
2026-07-08T07:43:54,1252913581_4640,28.57582514509064,77.26351302403782,131,56,75,21,49,0.429,57.1,1,FRC1
2026-07-08T07:43:54,555197181_7145,28.54189025034216,77.22807505013904,2007,1277,730,28,44,0.636,36.4,0.991367,FRC2
2026-07-08T07:43:54,1125156527_8501,28.60857066264121,77.10254595639755,9,6,3,10,14,0.714,28.6,0.81,FRC4
2026-07-08T09:55:37,175774747_1554,28.669952908952293,77.26287938693689,300,229,71,29,38,0.763,23.7,0.994813,FRC1
2026-07-08T09:55:37,1272998250_4723,28.61620115016497,77.28564394977585,443,443,0,51,51,1.0,0.0,1,FRC1
2026-07-08T09:55:37,1312003262_5003,28.7335118502237,77.17902130023958,45,34,11,38,50,0.76,24.0,1,FRC1
2026-07-08T09:55:37,754138615_9731,28.73483755030277,77.15603580124726,1259,1026,233,53,65,0.815,18.5,0.998075,FRC1
2026-07-08T09:55:37,77643398_9050,28.72133022648934,77.1404829934589,1408,1092,316,38,49,0.776,22.4,1,FRC2
2026-07-08T09:55:37,1271957904_520,28.79009748043149,77.14219362408288,1259,1026,233,53,65,0.815,18.5,0.998075,FRC1
2026-07-08T09:55:37,1313008746_5065,28.67190945017987,77.26038490014699,145,117,28,37,46,0.804,19.6,1,FRC1
2026-07-08T09:55:37,696178605_2985,28.60514967968459,77.28788560004877,950,950,0,51,51,1.0,0.0,1,FRC2
2026-07-08T09:55:37,1272699863_10430,28.7325645979497,77.15211083474186,1408,1092,316,38,49,0.776,22.4,1,FRC2
2026-07-08T09:55:37,171505934_10844,28.68176372143336,77.07382234762017,2686,1679,1007,25,40,0.625,37.5,0.966999,FRC1
2026-07-08T09:55:37,1271957905_521,28.797262051218134,77.14359156473878,1206,972,234,54,67,0.806,19.4,1,FRC1
2026-07-08T09:55:37,760444564_8123,28.48125538503149,77.11474825810541,2232,1810,422,30,37,0.811,18.9,1,FRC2
2026-07-08T09:55:37,1081352292_11111,28.683569350000955,77.0133321499925,2686,1679,1007,25,40,0.625,37.5,0.966999,FRC1
2026-07-08T09:55:37,1311999549_4994,28.727439850318262,77.20196525042412,295,295,0,54,54,1.0,0.0,1,FRC1
2026-07-08T09:55:37,1312003261_5002,28.732846527011077,77.18052262172371,79,63,16,43,54,0.796,20.4,1,FRC1
2026-07-08T09:55:37,733740806_5380,28.62656300913378,77.3145887387114,443,443,0,51,51,1.0,0.0,1,FRC1
2026-07-08T09:55:37,258237312_12405,28.537250980885524,77.28601262789124,37,37,0,31,31,1.0,0.0,1,FRC3
2026-07-08T09:55:37,1322586170_552,28.82379485002008,77.13252105003025,1259,1026,233,53,65,0.815,18.5,0.998075,FRC1
2026-07-08T09:55:37,749654825_5712,28.493146250032297,77.3031574504581,74,74,0,36,36,1.0,0.0,1,FRC2
2026-07-08T09:55:37,1081353663_11112,28.68339410000165,77.01615059998673,2686,1679,1007,25,40,0.625,37.5,0.966999,FRC1
2026-07-08T09:55:37,519445878_9649,28.698681618005065,77.12145049624543,1237,1043,194,43,51,0.843,15.7,1,FRC2
2026-07-08T09:55:37,77629864_9006,28.734252100075988,77.15649950021997,1259,1026,233,53,65,0.815,18.5,0.998075,FRC1
2026-07-08T09:55:38,78331491_9140,28.76240442689812,77.14664584398126,1259,1026,233,53,65,0.815,18.5,0.998075,FRC1
2026-07-08T09:55:38,848907336_10994,28.688929145367656,76.95379664281963,2686,1679,1007,25,40,0.625,37.5,0.966999,FRC1
2026-07-08T09:55:38,1066010057_3794,28.673723798776017,77.25594247251395,27,27,0,42,42,1.0,0.0,1,FRC2
2026-07-08T09:55:38,553321282_7128,28.59346702527715,77.16461656538954,140,140,0,51,51,1.0,0.0,1,FRC1
2026-07-08T09:55:38,1125550297_10237,28.840790189727404,77.12764536507629,1206,972,234,54,67,0.806,19.4,1,FRC1
2026-07-08T09:55:38,1276018673_12164,28.55176478996038,77.04878921866404,161,161,0,71,71,1.0,0.0,1,FRC0
2026-07-08T09:55:38,615472643_10937,28.66549515943425,77.0922112190541,1408,1092,316,38,49,0.776,22.4,1,FRC2
2026-07-08T09:55:38,729959838_3258,28.61678283868487,77.28656190538877,443,443,0,51,51,1.0,0.0,1,FRC1
2026-07-08T09:55:38,739709594_174,28.63159521269395,77.32988856131384,443,443,0,51,51,1.0,0.0,1,FRC1
2026-07-08T09:55:38,1117997323_268,28.581787600028143,77.30339090012164,515,343,172,24,36,0.667,33.3,0.995807,FRC3
2026-07-08T09:55:38,1184652572_5802,28.49935689408889,77.30000040298998,59,59,0,39,39,1.0,0.0,1,FRC2
2026-07-08T09:55:38,749654826_5713,28.49074044670958,77.30369249678816,74,74,0,36,36,1.0,0.0,1,FRC2
2026-07-08T09:55:38,1312003264_5005,28.73118915059046,77.1874309003172,30,30,0,56,56,1.0,0.0,1,FRC1
2026-07-08T09:55:38,519440491_2173,28.732193545681827,77.18322585121508,30,30,0,56,56,1.0,0.0,1,FRC1
2026-07-08T09:55:38,1184652573_5803,28.49458555685833,77.30296042021848,1716,1344,372,47,60,0.783,21.7,0.988898,FRC1
2026-07-08T09:55:38,733740794_3287,28.621234036350025,77.2999008102617,445,445,0,52,52,1.0,0.0,1,FRC1
2026-07-08T09:55:38,202671157_6786,28.593823376111853,77.16621572529873,33,33,0,20,20,1.0,0.0,1,FRC1
2026-07-08T09:55:38,293091496_9500,28.73723387012009,77.15459940625567,1259,1026,233,53,65,0.815,18.5,0.998075,FRC1
2026-07-08T09:55:38,70220647_880,28.62859465417036,77.24681526741986,50,50,0,54,54,1.0,0.0,1,FRC1
2026-07-08T09:55:38,77643452_10721,28.683289650005477,77.09523154995946,1408,1092,316,38,49,0.776,22.4,1,FRC2
2026-07-08T09:55:38,1184653691_5814,28.498412506264767,77.3016491313384,1805,1396,409,41,53,0.774,22.6,1,FRC1
2026-07-08T09:55:38,519440488_2170,28.73738550233168,77.16734270127739,251,132,119,28,53,0.528,47.2,1,FRC1
2026-07-08T09:55:38,1183847109_10318,28.847583800019724,77.12626684999562,316,254,62,33,41,0.805,19.5,0.937522,FRC2
2026-07-08T09:55:38,76834899_960,28.61693810011026,77.28766349988258,899,609,290,21,31,0.677,32.3,0.993753,FRC3
2026-07-08T09:55:38,1159559381_12016,28.54417437397353,77.0078297939509,1138,1138,0,44,44,1.0,0.0,1,FRC3
2026-07-08T09:55:38,422584730_11660,28.55752240072102,76.92753008121655,1085,981,104,38,42,0.905,9.5,0.750764,FRC3
2026-07-08T09:55:38,77770001_10767,28.670086233635608,77.16647486440381,618,433,185,21,30,0.7,30.0,0.840464,FRC3
2026-07-08T09:55:38,38116091_789,28.572845265072,77.24462004299579,1431,1090,341,32,42,0.762,23.8,1,FRC3
2026-07-08T09:55:38,172306021_9397,28.809137450005124,77.07972445002964,460,460,0,60,60,1.0,0.0,1,FRC4
2026-07-08T09:55:38,38699585_799,28.637964526614923,77.2264064179853,1035,597,438,15,26,0.577,42.3,1,FRC3
2026-07-08T09:55:38,1077916786_4119,28.65090049969148,77.2323381105123,1077,704,373,17,26,0.654,34.6,0.995747,FRC3
2026-07-08T09:55:38,766036525_3441,28.58630370000292,77.2242427499995,337,268,69,23,29,0.793,20.7,0.969066,FRC4
2026-07-08T09:55:38,1154070005_4297,28.72751201909045,77.17926029335209,481,376,105,36,46,0.783,21.7,1,FRC1
2026-07-08T09:55:38,1080438071_10082,28.71676779244684,77.0944989600839,1964,1158,806,23,39,0.59,41.0,0.994717,FRC2
2026-07-08T09:55:38,235103620_11526,28.56017405981834,77.01549123214811,513,513,0,36,36,1.0,0.0,1,FRC4
2026-07-08T09:55:38,1306291759_10620,28.824893693009983,77.07414842238752,456,456,0,51,51,1.0,0.0,1,FRC4
2026-07-08T09:55:38,681929725_7833,28.64515631104873,77.106169018746,443,384,59,13,15,0.867,13.3,0.802945,FRC4
2026-07-08T09:55:38,776652311_3477,28.621354828947982,77.30046730231618,300,242,58,29,36,0.806,19.4,1,FRC3
2026-07-08T09:55:38,1073864508_9901,28.75532807892416,77.1157167507687,693,495,198,25,35,0.714,28.6,0.995603,FRC3
2026-07-08T09:55:38,168924273_6607,28.505615826312248,77.23897841841165,2140,1402,738,19,29,0.655,34.5,0.997235,FRC2
2026-07-08T09:55:38,1201874795_10348,28.810173451368,77.1184592033787,460,460,0,60,60,1.0,0.0,1,FRC4
2026-07-08T09:55:38,1203899003_4497,28.706943330353266,77.1684643853189,715,561,154,22,28,0.786,21.4,0.953537,FRC4
2026-07-08T09:55:38,1274782010_4766,28.739693565714187,77.26118638296956,899,899,0,48,48,1.0,0.0,1,FRC3
2026-07-08T09:55:38,78799866_9220,28.7361984617444,77.1653143616256,132,35,97,11,41,0.268,73.2,0.98,FRC2
2026-07-08T09:55:38,173133404_12364,28.542195833560434,77.29250811313072,2376,1854,522,32,41,0.78,22.0,1,FRC3
2026-07-08T09:55:38,782774054_3511,28.62025800000121,77.21041655000535,96,96,0,26,26,1.0,0.0,1,FRC4
2026-07-08T09:55:38,77743844_9106,28.700291290971748,77.15574715562008,630,443,187,19,27,0.704,29.6,0.951111,FRC4
2026-07-08T09:55:38,314638661_11614,28.577153698254303,76.8743029597452,2206,1857,349,32,38,0.842,15.8,0.721753,FRC2
2026-07-08T09:55:38,1120022472_8492,28.55447620896645,77.23203609448547,718,425,293,16,27,0.593,40.7,0.995846,FRC4
2026-07-08T09:55:38,422350600_10918,28.78313645864092,76.94929819731772,2100,1831,269,34,39,0.872,12.8,0.704352,FRC2
2026-07-08T09:55:38,1126929460_4238,28.71180271222937,77.22943810279551,122,122,0,22,22,1.0,0.0,1,FRC2
2026-07-08T09:55:38,24577381_613,28.60681392028704,77.22437369787586,75,75,0,41,41,1.0,0.0,1,FRC1
2026-07-08T09:55:38,210364586_6831,28.60175539704051,77.0544416565403,942,677,265,23,32,0.719,28.1,0.988774,FRC4
2026-07-08T09:55:38,203599271_6823,28.590361979413917,77.08320920219212,1381,1228,153,32,36,0.889,11.1,0.998356,FRC6
2026-07-08T09:55:38,682964521_7847,28.56534025000453,77.20022939999892,779,551,228,17,24,0.708,29.2,0.994198,FRC4
2026-07-08T09:55:38,170938134_5258,28.62747825023994,77.31704349981999,229,229,0,38,38,1.0,0.0,1,FRC3
2026-07-08T09:55:38,1184378555_5798,28.51183575000228,77.31345965000627,426,426,0,17,17,1.0,0.0,1,FRC4
2026-07-08T09:55:38,164702348_12346,28.55774815971238,77.28819484795332,1204,752,452,15,24,0.625,37.5,0.984149,FRC3
2026-07-08T09:55:38,379349375_10907,28.659535195892754,76.9902482177204,125,125,0,38,38,1.0,0.0,1,FRC4
2026-07-08T09:55:38,570803639_2394,28.58700232091038,77.23398282683296,1416,1038,378,22,30,0.733,26.7,1,FRC4
2026-07-08T09:55:38,77617193_1086,28.661978857801408,77.23992644520263,82,82,0,44,44,1.0,0.0,1,FRC1
2026-07-08T09:55:38,1274781093_75,28.742653650087675,77.26213405014737,490,490,0,57,57,1.0,0.0,1,FRC2
2026-07-08T09:55:38,1076252889_12598,28.525723250001377,77.27936825001848,820,579,241,24,34,0.706,29.4,1,FRC3
2026-07-08T09:55:38,1050561832_3748,28.75830624558086,77.17765847133317,885,796,89,18,20,0.9,10.0,0.688174,FRC4
2026-07-08T09:55:38,1255882944_11190,28.68000655000377,77.08484724997152,146,116,30,19,24,0.792,20.8,0.923035,FRC4
2026-07-08T09:55:38,1306497891_4947,28.70963851756227,77.28591492567888,418,330,88,15,19,0.789,21.1,0.865372,FRC4
2026-07-08T09:55:38,77004697_1008,28.596430250093643,77.29317694991747,1213,990,223,40,49,0.816,18.4,0.999666,FRC2
2026-07-08T09:55:38,202665381_10859,28.67017055059156,77.16542090979112,3647,2309,1338,19,30,0.633,36.7,0.994154,FRC2
2026-07-08T09:55:38,278977065_11544,28.62578502845304,76.90595413017583,621,621,0,28,28,1.0,0.0,1,FRC4
2026-07-08T09:55:38,586687208_7500,28.54169467065229,77.11776043977837,1060,448,612,22,52,0.423,57.7,1,FRC1
2026-07-08T09:55:38,1077642220_4106,28.65145840239566,77.20572394645998,621,354,267,16,28,0.571,42.9,1,FRC1
2026-07-08T09:55:38,1309546294_8889,28.55869757234572,77.05417263135095,513,513,0,36,36,1.0,0.0,1,FRC4
2026-07-08T09:55:38,1275944980_12126,28.57847582472563,77.00652027717024,296,296,0,53,53,1.0,0.0,1,FRC4
2026-07-08T09:55:38,1118936174_8477,28.55290512434433,77.05025070272647,161,161,0,71,71,1.0,0.0,1,FRC0
2026-07-08T09:55:38,81061303_24,28.58000061669264,77.2955884866146,470,470,0,40,40,1.0,0.0,1,FRC4
2026-07-08T09:55:38,739709591_5390,28.630132852699195,77.32626414807251,372,372,0,64,64,1.0,0.0,1,FRC1
2026-07-08T09:55:38,176492685_1684,28.58597795000236,77.29349485003652,566,464,102,32,39,0.821,17.9,1,FRC4
2026-07-08T09:55:38,71435200_920,28.578732325148163,77.30161246491157,275,228,47,48,58,0.828,17.2,1,FRC1
2026-07-08T09:55:38,190261068_6713,28.525874392305283,77.10131881094023,8,5,3,26,38,0.684,31.6,0.99,FRC2
2026-07-08T09:55:38,169323875_6610,28.543416246480696,77.11620501593522,886,483,403,18,33,0.545,45.5,1,FRC4
2026-07-08T09:55:38,684512045_5356,28.626385703877823,77.31496154705613,445,445,0,52,52,1.0,0.0,1,FRC1
2026-07-08T09:55:39,76849306_19,28.57761622944116,77.28960367138384,284,239,45,48,57,0.842,15.8,1,FRC1
2026-07-08T09:55:39,76849167_974,28.578036894660528,77.27752768487743,284,239,45,48,57,0.842,15.8,1,FRC1
2026-07-08T09:55:39,586684180_7486,28.53954700000966,77.11660109992128,8,8,0,38,38,1.0,0.0,1,FRC3
2026-07-08T09:55:39,76842648_969,28.62292998866329,77.30453360509472,372,372,0,64,64,1.0,0.0,1,FRC1
2026-07-08T09:55:39,1283496575_5541,28.62450125007257,77.30865389994165,335,335,0,69,69,1.0,0.0,1,FRC1
2026-07-08T09:55:39,190261045_6706,28.51229539092968,77.09316617299704,1928,1343,585,39,56,0.696,30.4,0.979289,FRC1
2026-07-08T09:55:39,1312967330_8947,28.544270933925745,77.11558778760701,1060,448,612,22,52,0.423,57.7,1,FRC1
2026-07-08T09:55:39,225718656_6833,28.51332460721611,77.09287183628282,1548,1276,272,47,57,0.825,17.5,1,FRC1
2026-07-08T09:55:39,1272998251_4724,28.616551638212343,77.28671344651134,372,372,0,64,64,1.0,0.0,1,FRC1
2026-07-08T09:55:39,203589999_11515,28.54009699788727,77.03793964885871,221,221,0,65,65,1.0,0.0,1,FRC0
2026-07-08T09:55:39,1118959403_11971,28.558623962696338,77.04412110418482,1190,1190,0,76,76,1.0,0.0,1,FRC2
2026-07-08T09:55:39,1283521609_4861,28.621568750036488,77.30045594997114,372,372,0,64,64,1.0,0.0,1,FRC1
2026-07-08T09:55:39,31097490_6159,28.581427738053414,77.14530919891486,1060,448,612,22,52,0.423,57.7,1,FRC1
2026-07-08T09:55:39,459988200_2129,28.579388474669493,77.29338668746257,275,228,47,48,58,0.828,17.2,1,FRC1
2026-07-08T09:55:39,190261066_6712,28.527599650085577,77.1020687498259,13,6,7,17,38,0.447,55.3,1,FRC2
2026-07-08T09:55:39,665106695_11703,28.534797763030348,77.03493559510467,221,221,0,65,65,1.0,0.0,1,FRC0
2026-07-08T09:55:39,37683065_782,28.57862141867612,77.26916603399955,89,89,0,46,46,1.0,0.0,1,FRC1
2026-07-08T09:55:39,1116296125_11941,28.57294240002825,77.00709740033888,1190,1190,0,76,76,1.0,0.0,1,FRC2
2026-07-08T09:55:39,76842646_5218,28.62458625005454,77.30890914996209,335,335,0,69,69,1.0,0.0,1,FRC1
2026-07-08T09:55:39,72002996_5191,28.62883168320012,77.32218167408332,372,372,0,64,64,1.0,0.0,1,FRC1
2026-07-08T09:55:39,1275944972_12118,28.590939900000297,77.00886754999766,1190,1190,0,76,76,1.0,0.0,1,FRC2
2026-07-08T09:55:39,28616600_6132,28.55881261097506,77.13347681895029,1928,1343,585,39,56,0.696,30.4,0.979289,FRC1
2026-07-08T09:55:39,739709592_172,28.630866154721765,77.32816179656201,335,335,0,69,69,1.0,0.0,1,FRC1
2026-07-08T09:55:39,1118959402_11970,28.558510786035605,77.04407107130918,196,151,45,34,44,0.773,22.7,0.99685,FRC4
2026-07-08T09:55:39,555197217_2266,28.60491895991324,77.27137963956962,78,78,0,64,64,1.0,0.0,1,FRC1
2026-07-08T09:55:39,76834898_959,28.6036548337072,77.2685561310336,18,18,0,61,61,1.0,0.0,1,FRC1
2026-07-08T09:55:39,81061303_1379,28.58000061669264,77.2955884866146,470,470,0,40,40,1.0,0.0,1,FRC4
2026-07-08T09:55:39,1253124560_4643,28.57924575924795,77.26771669054187,48,48,0,55,55,1.0,0.0,1,FRC1
2026-07-08T09:55:39,1183845908_4367,28.5785727461531,77.3014636274964,284,239,45,48,57,0.842,15.8,1,FRC1
2026-07-08T09:55:39,28746776_726,28.577126881823443,77.27894058332664,275,228,47,48,58,0.828,17.2,1,FRC1
2026-07-08T09:55:39,1275944981_12127,28.578623481341253,77.00689463429998,332,332,0,56,56,1.0,0.0,1,FRC4
2026-07-08T09:55:39,205771485_6829,28.54573021758676,77.12268346819816,1928,1343,585,39,56,0.696,30.4,0.979289,FRC1
2026-07-08T09:55:39,1241992402_4577,28.59875380000435,77.2032118500068,266,215,51,29,36,0.806,19.4,0.993006,FRC3
2026-07-08T09:55:39,555197219_2267,28.60891117319883,77.27875492380406,78,78,0,64,64,1.0,0.0,1,FRC1
2026-07-08T09:55:39,28616605_6135,28.53010158785404,77.10390315622871,1548,1276,272,47,57,0.825,17.5,1,FRC1
2026-07-08T09:55:39,81061270_22,28.58142127218609,77.29504818000866,566,464,102,32,39,0.821,17.9,1,FRC4
2026-07-08T09:55:39,680551210_2873,28.610180415111923,77.22452394525766,208,163,45,32,41,0.78,22.0,1,FRC3
2026-07-08T09:55:39,1155810083_4305,28.66431025000433,77.20816145003336,359,235,124,17,26,0.654,34.6,0.994289,FRC1
2026-07-08T09:55:39,1274776407_4744,28.748161520440974,77.19843942883196,2093,1649,444,26,33,0.788,21.2,0.851275,FRC3
2026-07-08T09:55:39,195207626_6779,28.606996437229277,77.12228140915767,923,781,142,33,39,0.846,15.4,1,FRC2
2026-07-08T09:55:39,605958422_2581,28.643618129651188,77.2683934033964,470,370,100,26,33,0.788,21.2,0.960912,FRC2
2026-07-08T09:55:39,28103855_691,28.645098649720385,77.225133941861,1059,662,397,15,24,0.625,37.5,1,FRC3
2026-07-08T09:55:39,164461743_6576,28.610240271935066,77.11456477684584,950,760,190,32,40,0.8,20.0,0.999331,FRC2
2026-07-08T09:55:39,1126670672_4232,28.6006001827004,77.1820928857966,311,252,59,26,32,0.812,18.8,1,FRC3
2026-07-08T09:55:39,1323848856_6096,28.677953666004512,77.32351888457204,1051,912,139,33,38,0.868,13.2,0.999579,FRC3
2026-07-08T09:55:39,28103851_689,28.63217208759869,77.25264536882578,119,119,0,56,56,1.0,0.0,1,FRC1
2026-07-08T09:55:39,554665389_2251,28.63357788290754,77.21666995337478,396,293,103,17,23,0.739,26.1,1,FRC2
2026-07-08T09:55:39,561759719_2291,28.59294187866152,77.24176231216286,571,350,221,19,31,0.613,38.7,1,FRC4
2026-07-08T09:55:39,673792811_2828,28.58953088971429,77.22924463467362,1416,1038,378,22,30,0.733,26.7,1,FRC4
2026-07-08T09:55:39,578543604_2426,28.634366100009338,77.21708589997212,396,293,103,17,23,0.739,26.1,1,FRC2
2026-07-08T09:55:39,570758371_7344,28.539875113345875,77.21185591776847,516,268,248,13,25,0.52,48.0,1,FRC4
2026-07-08T09:55:39,1312775639_8926,28.56802515003752,77.23482089983911,1431,1090,341,32,42,0.762,23.8,1,FRC3
2026-07-08T09:55:39,1182578651_8607,28.55225881727412,77.11981265436167,886,483,403,18,33,0.545,45.5,1,FRC4
2026-07-08T09:55:39,190333631_6748,28.52075524317933,77.16394251092667,581,428,153,28,38,0.737,26.3,1,FRC2
2026-07-08T09:55:39,277886172_309,28.68013444161143,77.32607843540667,1051,912,139,33,38,0.868,13.2,0.999579,FRC3
2026-07-08T09:55:39,1313158398_5075,28.593939119108366,77.24301321420214,641,489,152,29,38,0.763,23.7,1,FRC2
2026-07-08T09:55:39,581239046_5679,28.479393967323425,77.30543679860041,651,465,186,25,35,0.714,28.6,0.98006,FRC2
2026-07-08T09:55:39,1286176441_10550,28.73170736521969,77.09169153334054,1964,1158,806,23,39,0.59,41.0,0.994717,FRC2
2026-07-08T09:55:39,1046875075_3739,28.64015394788029,77.2832745815737,745,522,223,14,20,0.7,30.0,0.97,FRC4
2026-07-08T09:55:39,175804010_289,28.67650222417313,77.32519647172681,652,537,115,28,34,0.824,17.6,0.997097,FRC1
2026-07-08T09:55:39,1078203275_11815,28.598883800000195,76.90693620000262,2206,1857,349,32,38,0.842,15.8,0.721753,FRC2
2026-07-08T09:55:39,760536612_3424,28.61095091414656,77.21205093706702,157,157,0,29,29,1.0,0.0,1,FRC6
2026-07-08T09:55:39,572511731_2421,28.623715468649944,77.2130581008707,157,157,0,31,31,1.0,0.0,1,FRC4
2026-07-08T09:55:39,594082031_12474,28.53483253637503,77.26820444917178,819,578,241,24,34,0.706,29.4,1,FRC3
2026-07-08T09:55:39,1244887371_4583,28.691820550009812,77.19108039998751,2045,1258,787,16,26,0.615,38.5,0.96087,FRC3
2026-07-08T09:55:39,586684178_7484,28.54354373429635,77.11690481585993,886,483,403,18,33,0.545,45.5,1,FRC4
2026-07-08T09:55:39,1069840805_474,28.80282180000544,77.14266415004244,54,54,0,31,31,1.0,0.0,1,FRC3
2026-07-08T09:55:39,1161756191_4329,28.676333367843423,77.20234860344114,2045,1258,787,16,26,0.615,38.5,0.96087,FRC3
2026-07-08T09:55:39,171501169_10834,28.680762254848705,77.15221940328222,256,192,64,36,48,0.75,25.0,1,FRC1
2026-07-08T09:55:39,658051951_2766,28.66746255001921,77.22909450009406,1077,704,373,17,26,0.654,34.6,0.995747,FRC3
2026-07-08T09:55:39,554798489_2255,28.609848631573414,77.19133966591005,1240,815,425,23,35,0.657,34.3,1,FRC6
2026-07-08T09:55:39,1250655849_12667,28.561730646079933,77.29298442705245,1204,752,452,15,24,0.625,37.5,0.984149,FRC3
2026-07-08T09:55:39,1101392939_6021,28.68876817016487,77.30801713825375,292,205,87,19,27,0.704,29.6,0.993324,FRC4
2026-07-08T09:55:39,732001900_8041,28.561546131001048,77.16858247447243,172,172,0,55,55,1.0,0.0,1,FRC2
2026-07-08T09:55:39,1035763366_11004,28.683215950033617,77.1463912001148,852,587,265,20,29,0.69,31.0,0.992397,FRC2
2026-07-08T09:55:40,80429849_1299,28.640234991459444,77.23363978636802,1035,597,438,15,26,0.577,42.3,1,FRC3
2026-07-08T09:55:40,688280716_7908,28.52928820000029,77.21484285000314,259,179,80,18,26,0.692,30.8,1,FRC4
2026-07-08T09:55:40,594082009_12467,28.504930100008064,77.27780704997977,820,579,241,24,34,0.706,29.4,1,FRC3
2026-07-08T09:55:40,191229346_12392,28.52870463937523,77.2712888378788,16,12,4,22,28,0.786,21.4,0.91,FRC3
2026-07-08T09:55:40,605840556_5965,28.67656091238996,77.32294258526926,651,651,0,40,40,1.0,0.0,1,FRC3
2026-07-08T09:55:40,77882040_1181,28.69713422144704,77.18245685980818,555,430,125,24,31,0.774,22.6,0.98819,FRC5
2026-07-08T09:55:40,374689514_10896,28.67117919981934,77.09307076098166,1408,1092,316,38,49,0.776,22.4,1,FRC2
2026-07-08T09:55:40,170460549_6619,28.52011610635344,77.20423897632773,2140,1402,738,19,29,0.655,34.5,0.997235,FRC2
2026-07-08T09:55:40,1013996163_10996,28.679557450003312,77.09444419997479,127,102,25,21,26,0.808,19.2,0.84,FRC3
2026-07-08T09:55:40,423593939_2043,28.57358728999694,77.20958184838483,248,185,63,32,43,0.744,25.6,1,FRC1
2026-07-08T09:55:40,243056161_1778,28.658273024031104,77.28995664967685,1011,744,267,25,34,0.735,26.5,0.977205,FRC2
2026-07-08T09:55:40,679552312_2865,28.681519363104893,77.22270159844264,165,123,42,27,36,0.75,25.0,1,FRC1
2026-07-08T09:55:40,77766256_10745,28.670471233329323,77.13870981074123,588,588,0,50,50,1.0,0.0,1,FRC1
2026-07-08T09:55:40,605958418_2577,28.646296249470986,77.26868455346376,950,950,0,51,51,1.0,0.0,1,FRC2
2026-07-08T09:55:40,581439213_7413,28.57027647629832,77.20825330650094,89,58,31,24,37,0.649,35.1,1,FRC2
2026-07-08T09:55:40,175803910_1611,28.69423226523117,77.25475338221595,899,899,0,48,48,1.0,0.0,1,FRC3
2026-07-08T09:55:40,704527734_3029,28.576332000003863,77.25540110001516,620,489,131,30,38,0.789,21.1,1,FRC2
2026-07-08T09:55:40,759114175_8113,28.51573539912596,77.22692866161098,26,13,13,6,12,0.5,50.0,0.99,FRC3
2026-07-08T09:55:40,615472620_2691,28.67924423613079,77.22948179850864,12,9,3,30,38,0.789,21.1,1,FRC1
2026-07-08T09:55:40,77363984_6412,28.55095164931341,77.18330061418612,1756,1307,449,32,43,0.744,25.6,0.998248,FRC2
2026-07-08T09:55:40,1285857338_8836,28.633485398665247,77.13155249574339,588,588,0,50,50,1.0,0.0,1,FRC1
2026-07-08T09:55:40,1145543149_8549,28.63763346493056,77.0810092554196,658,419,239,21,33,0.636,36.4,0.956596,FRC3
2026-07-08T09:55:40,973071387_3595,28.616012819886286,77.24944693105083,113,113,0,43,43,1.0,0.0,1,FRC2
2026-07-08T09:55:40,1252762961_4630,28.57252835004244,77.25834390015157,620,489,131,30,38,0.789,21.1,1,FRC2
2026-07-08T09:55:40,582037592_2459,28.59244798294416,77.16823071784252,16,16,0,41,41,1.0,0.0,1,FRC2
2026-07-08T09:55:40,658041633_7732,28.56762789997501,77.22594166665111,357,357,0,44,44,1.0,0.0,1,FRC1
2026-07-08T09:55:40,1064794348_3785,28.70591960242076,77.22747125005216,26,26,0,44,44,1.0,0.0,1,FRC4
2026-07-08T09:55:40,195207624_6778,28.60582435011361,77.12531875011909,923,781,142,33,39,0.846,15.4,1,FRC2
2026-07-08T09:55:40,686515640_7881,28.55336865840238,77.16634796714247,492,399,93,30,37,0.811,18.9,1,FRC2
2026-07-08T09:55:40,1103577070_4159,28.67844574682699,77.25652968870547,899,899,0,48,48,1.0,0.0,1,FRC3
2026-07-08T09:55:40,759020452_8111,28.565199309852627,77.23612270306914,357,357,0,44,44,1.0,0.0,1,FRC1
2026-07-08T09:55:40,1274823144_4783,28.70064228715008,77.29469589022817,1108,868,240,29,37,0.784,21.6,0.996399,FRC1
2026-07-08T09:55:40,651654695_2742,28.579219431355774,77.17565339847359,627,459,168,30,41,0.732,26.8,1,FRC1
2026-07-08T09:55:40,1283227674_11339,28.46359475001256,77.1165982499859,1456,1456,0,55,55,1.0,0.0,1,FRC3
2026-07-08T09:55:40,605840550_5959,28.69827584410145,77.31029715732555,855,855,0,38,38,1.0,0.0,1,FRC1
2026-07-08T09:55:40,687049832_2946,28.700262034289207,77.2965069912149,855,855,0,38,38,1.0,0.0,1,FRC1
2026-07-08T09:55:40,1312967347_10659,28.684799200051067,77.14865749991941,261,210,51,37,46,0.804,19.6,1,FRC1
2026-07-08T09:55:40,879145487_9754,28.73331503985862,77.11657890143962,915,511,404,19,34,0.559,44.1,0.996108,FRC3
2026-07-08T09:55:40,1077953383_11802,28.529647200060936,76.90595404978514,1299,1299,0,40,40,1.0,0.0,1,FRC5
2026-07-08T09:55:40,812690415_3525,28.572590518605917,77.20909409546375,33,33,0,35,35,1.0,0.0,1,FRC2
2026-07-08T09:55:40,561759724_7213,28.56564549409812,77.23358775463576,81,62,19,22,29,0.759,24.1,1,FRC3
2026-07-08T09:55:40,1080501681_10084,28.75742528036801,77.0666489276367,2399,1527,872,21,33,0.636,36.4,0.84023,FRC4
2026-07-08T09:55:40,195207632_6783,28.60591505014033,77.12550910015419,950,760,190,32,40,0.8,20.0,0.999331,FRC2
2026-07-08T09:55:40,707180849_12552,28.51189470000089,77.25863215000813,2140,1402,738,19,29,0.655,34.5,0.997235,FRC2
2026-07-08T09:55:40,39452774_6282,28.59505922984085,77.07230464256187,42,17,25,13,31,0.419,58.1,1,FRC4
2026-07-08T09:55:40,77629925_1134,28.707199400198363,77.17359749945291,318,255,63,37,46,0.804,19.6,1,FRC1
2026-07-08T09:55:40,656187262_7722,28.51835390513944,77.21288412051088,1977,1384,593,21,30,0.7,30.0,0.998158,FRC2
2026-07-08T09:55:40,1252913581_4640,28.57582514509064,77.26351302403782,119,57,62,23,48,0.479,52.1,1,FRC1
2026-07-08T09:55:40,581439207_7409,28.56986927395828,77.20892919619594,103,57,46,21,38,0.553,44.7,1,FRC2
2026-07-08T09:55:40,555197181_7145,28.54189025034216,77.22807505013904,1756,1307,449,32,43,0.744,25.6,0.998248,FRC2
2026-07-08T09:55:40,567831209_2350,28.58046110002516,77.17488165011682,627,459,168,30,41,0.732,26.8,1,FRC1
2026-07-08T09:55:40,1125156527_8501,28.60857066264121,77.10254595639755,10,6,4,9,15,0.6,40.0,0.6,FRC4
